0, 1, 2, 3, 4, 5, 6, 7, 8, 9, 10, 11, 12, 13, 14, 15, 16, 17, 18, 19, 20, 21, 22, 23, 24, 25, 26, 27, 28, 29, 30, 31, 32, 33, 34, 35, 36, 37, 38, 39
0,0,3.1416,0.17054,0,0,3.1416,-0.55238,0,0,3.1416,0.50253,0,0,3.1416,-0.48981,0,0,3.1416,0.011914,0,0,3.1416,0.39815,0,0,3.1416,0.78181,0,0,3.1416,0.91858,0,0,3.1416,0.094431,0,0,3.1416,-0.72275
-0.011309,-0.21449,3.1531,0.066598,0.030093,0.57587,3.101,-0.27583,-0.030323,-0.57748,3.177,0.22388,0.026509,0.50745,3.1055,-0.24618,-0.002225,-0.04109,3.1417,-0.0085256,-0.024345,-0.46335,3.1695,0.17442,-0.046322,-0.88289,3.1972,0.35626,-0.054158,-1.0325,3.207,0.42115,-0.0069506,-0.1313,3.1476,0.030556,0.039854,0.7622,3.0887,-0.35658
-0.040766,-0.36495,3.1561,-0.0018393,0.11037,1.0074,3.0835,-0.085668,-0.11018,-0.99516,3.1895,0.036686,0.097287,0.8886,3.0898,-0.078364,-0.0076074,-0.063844,3.1402,-0.020186,-0.08835,-0.79703,3.179,0.024546,-0.16857,-1.5256,3.2175,0.069526,-0.19719,-1.7856,3.2313,0.085853,-0.024856,-0.22047,3.1485,-0.01065,0.146,1.331,3.0664,-0.1057
-0.082546,-0.46281,3.1536,-0.043955,0.22756,1.3178,3.0816,0.039257,-0.22497,-1.2806,3.1867,-0.082147,0.20071,1.1635,3.0879,0.032141,-0.014513,-0.072191,3.1378,-0.025632,-0.18018,-1.0233,3.1763,-0.070213,-0.34483,-1.9695,3.2145,-0.11375,-0.40358,-2.3072,3.2282,-0.12898,-0.049905,-0.2754,3.1461,-0.035162,0.30068,1.7381,3.0647,0.058497
-0.13191,-0.51825,3.148,-0.06701,0.37058,1.5281,3.0898,0.11587,-0.3627,-1.4583,3.1746,-0.15096,0.32707,1.3507,3.0948,0.10009,-0.021678,-0.069505,3.1352,-0.026815,-0.29012,-1.1626,3.1662,-0.12459,-0.55703,-2.2505,3.1973,-0.22141,-0.65231,-2.6392,3.2084,-0.25576,-0.079021,-0.30295,3.1418,-0.047721,0.48914,2.0113,3.076,0.15878
-0.18508,-0.54027,3.1407,-0.076587,0.5304,1.6564,3.1037,0.15746,-0.51371,-1.5494,3.1577,-0.18412,0.46842,1.466,3.1069,0.1372,-0.028141,-0.058617,3.1326,-0.025233,-0.41035,-1.2319,3.1523,-0.15031,-0.79054,-2.4005,3.1721,-0.27459,-0.92634,-2.8186,3.1792,-0.31883,-0.10978,-0.30916,3.1368,-0.051948,0.69931,2.1758,3.0949,0.21261
-0.2391,-0.53643,3.1329,-0.077074,0.69969,1.7196,3.1204,0.17415,-0.67032,-1.5728,3.1387,-0.19247,0.61834,1.5239,3.1215,0.15239,-0.033205,-0.041872,3.1302,-0.021976,-0.53468,-1.2467,3.1368,-0.15617,-1.0337,-2.4474,3.1436,-0.28976,-1.212,-2.8773,3.1461,-0.33758,-0.14031,-0.29913,3.1316,-0.050634,0.92141,2.2534,3.1174,0.23348
-0.29172,-0.5132,3.1254,-0.07168,0.87262,1.7316,3.138,0.17393,-0.82655,-1.5444,3.1197,-0.18451,0.77171,1.5368,3.1369,0.15262,-0.036385,-0.021175,3.1282,-0.017835,-0.65831,-1.2199,3.1215,-0.14899,-1.2774,-2.4149,3.115,-0.27978,-1.4987,-2.843,3.1127,-0.32659,-0.16921,-0.27711,3.1268,-0.045849,1.1477,2.2629,3.1408,0.23209
-0.34128,-0.47588,3.1187,-0.062812,1.0447,1.7043,3.1549,0.16281,-0.9779,-1.4774,3.1021,-0.16647,0.92454,1.5151,3.1517,0.14322,-0.037359,0.0019478,3.1266,-0.013378,-0.77762,-1.1622,3.1073,-0.13385,-1.5147,-2.323,3.0882,-0.25399,-1.7783,-2.7391,3.0814,-0.29705,-0.19546,-0.2466,3.1225,-0.039089,1.3723,2.2206,3.1634,0.21624
-0.38657,-0.4288,3.1129,-0.052217,1.2125,1.6479,3.1703,0.14513,-1.1211,-1.3827,3.0866,-0.14287,1.0739,1.4676,3.1654,0.128,-0.035954,0.026312,3.1255,-0.008964,-0.89002,-1.0825,3.0949,-0.11433,-1.7406,-2.1884,3.0644,-0.21957,-2.0448,-2.5848,3.0536,-0.25738,-0.21834,-0.21043,3.119,-0.031464,1.5906,2.1398,3.1838,0.19194
-0.42683,-0.37539,3.1083,-0.041053,1.3736,1.5704,3.1838,0.12423,-1.2538,-1.2692,3.0736,-0.11706,1.2174,1.4014,3.1773,0.10986,-0.032088,0.050987,3.1248,-0.0048473,-0.99362,-0.98785,3.0845,-0.093117,-1.9514,-2.024,3.0444,-0.18144,-2.2941,-2.3956,3.03,-0.21318,-0.23742,-0.17081,3.1162,-0.023682,1.7993,2.0314,3.2016,0.1635
-0.46153,-0.3184,3.1047,-0.030166,1.5261,1.4783,3.1951,0.10227,-1.3745,-1.1436,3.0632,-0.091109,1.3537,1.3223,3.1873,0.09075,-0.025768,0.075289,3.1245,-0.0011614,-1.0873,-0.88387,3.0763,-0.071905,-2.1447,-1.8405,3.0281,-0.14285,-2.5232,-2.1835,3.011,-0.1685,-0.25245,-0.1295,3.1142,-0.016243,1.9962,1.9041,3.2165,0.13377
-0.49045,-0.25991,3.1022,-0.020044,1.6689,1.3769,3.2043,0.080737,-1.4823,-1.0114,3.0553,-0.066479,1.4816,1.2347,3.1954,0.071951,-0.017061,0.098714,3.1246,0.0020274,-1.1702,-0.77492,3.0701,-0.051815,-2.3191,-1.6459,3.0157,-0.10612,-2.7303,-1.958,2.9963,-0.12583,-0.26331,-0.087844,3.113,-0.0094519,2.1797,1.7647,3.2284,0.10483
-0.51352,-0.20151,3.1007,-0.010965,1.8013,1.2701,3.2113,0.060647,-1.5767,-0.87688,3.0498,-0.044039,1.6005,1.1423,3.2017,0.054378,-0.0060679,0.1209,3.1249,0.0046932,-1.2422,-0.6644,3.0658,-0.033582,-2.4737,-1.4465,3.0068,-0.072408,-2.9146,-1.7266,2.9857,-0.086576,-0.27004,-0.046823,3.1123,-0.0034483,2.3489,1.6187,3.2375,0.077851
-0.5308,-0.1444,3.1,-0.0030935,1.9229,1.1611,3.2165,0.042461,-1.6577,-0.74305,3.0464,-0.024161,1.71,1.0478,3.2064,0.03846,0.0070698,0.14161,3.1255,0.0068566,-1.3031,-0.55479,3.0633,-0.017487,-2.6084,-1.2473,3.0011,-0.042408,-3.0757,-1.4948,2.9788,-0.051648,-0.27272,-0.0071829,3.1122,0.0016858,2.5034,1.47,3.2441,0.053483
-0.54247,-0.089391,3.1,0.0035667,2.0335,1.0521,3.2199,0.02646,-1.7255,-0.61231,3.0449,-0.0070611,1.8101,0.95312,3.2095,0.024424,0.0222,0.1607,3.1263,0.0085491,-1.3533,-0.44798,3.0622,-0.0036704,-2.7233,-1.0517,2.9982,-0.016457,-3.2137,-1.2669,2.9752,-0.021292,-0.27154,0.030576,3.1126,0.0059603,2.643,1.3219,3.2483,0.032129
-0.54877,-0.037089,3.1007,0.0090519,2.1333,0.94501,3.2218,0.012735,-1.7803,-0.48633,3.0449,0.0073015,1.9007,0.85994,3.2113,0.012373,0.039154,0.17809,3.1272,0.0098191,-1.3929,-0.3453,3.0625,0.0078815,-2.819,-0.86243,2.9977,0.0055366,-3.3293,-1.046,2.9744,0.0045194,-0.26668,0.066118,3.1134,0.0094224,2.7678,1.1766,3.2506,0.013803
-0.54999,0.012126,3.1018,0.013441,2.2226,0.84096,3.2225,0.0011736,-1.8229,-0.36622,3.0463,0.0191,1.9821,0.7693,3.212,0.002212,0.05776,0.19377,3.1282,0.01072,-1.4225,-0.24762,3.0637,0.017331,-2.8961,-0.68138,2.9992,0.023733,-3.4232,-0.83441,2.9759,0.025914,-0.25839,0.099225,3.1145,0.012135,2.8784,1.0357,3.2512,-0.00161
-0.54646,0.058045,3.1033,0.016853,2.3017,0.74085,3.2221,-0.0083551,-1.8538,-0.25279,3.0487,0.028524,2.0547,0.68197,3.2118,-0.006181,0.077851,0.20773,3.1293,0.011302,-1.4426,-0.15556,3.0659,0.024846,-2.9556,-0.50983,3.0023,0.038406,-3.4965,-0.6337,2.9794,0.043265,-0.24692,0.1298,3.1158,0.014187,2.9752,0.90054,3.2504,-0.014267
-0.5385,0.10055,3.1051,0.019401,2.3709,0.64528,3.2209,-0.016034,-1.8737,-0.14645,3.0519,0.035847,2.1187,0.59849,3.2108,-0.012956,0.099254,0.22004,3.1305,0.011617,-1.4538,-0.069412,3.0687,0.030646,-2.9984,-0.34853,3.0068,0.049941,-3.5503,-0.44483,2.9845,0.056963,-0.23252,0.15781,3.1173,0.015664,3.0587,0.77174,3.2484,-0.024458
-0.52646,0.13965,3.1072,0.021212,2.4309,0.55456,3.219,-0.022095,-1.8834,-0.047389,3.0558,0.041335,2.1745,0.51913,3.2093,-0.018315,0.12181,0.23075,3.1317,0.011715,-1.4567,0.010684,3.072,0.034962,-3.0256,-0.19791,3.0122,0.058694,-3.5859,-0.26839,2.9907,0.067403,-0.21544,0.18327,3.1189,0.016649,3.1298,0.64979,3.2455,-0.032465
-0.51068,0.17539,3.1094,0.022404,2.482,0.46888,3.2165,-0.026742,-1.8834,0.044345,3.0601,0.045245,2.2226,0.44407,3.2072,-0.022442,0.14535,0.23994,3.1328,0.011635,-1.4519,0.084713,3.0756,0.038002,-3.0383,-0.058098,3.0184,0.065049,-3.6044,-0.1045,2.9979,0.075041,-0.19595,0.20627,3.1206,0.017229,3.1889,0.53495,3.242,-0.038564
-0.49149,0.20785,3.1116,0.023076,2.5248,0.3883,3.2137,-0.030186,-1.8747,0.12891,3.0648,0.047844,2.2635,0.37338,3.2048,-0.025516,0.16975,0.24767,3.134,0.011413,-1.4399,0.15281,3.0795,0.03998,-3.0376,0.071058,3.0252,0.069385,-3.6072,0.046901,3.0056,0.080285,-0.17427,0.22687,3.1224,0.017474,3.237,0.42724,3.2379,-0.043048
-0.46921,0.23716,3.114,0.023327,2.5599,0.31276,3.2105,-0.032627,-1.8579,0.20648,3.0696,0.049353,2.2975,0.30699,3.2021,-0.027713,0.19484,0.25406,3.1351,0.011085,-1.4215,0.21516,3.0836,0.041088,-3.0245,0.18975,3.0322,0.072017,-3.5955,0.18602,3.0138,0.083501,-0.15065,0.24517,3.1241,0.017446,3.2746,0.3266,3.2334,-0.046172
-0.44415,0.26348,3.1163,0.023246,2.5876,0.24216,3.2072,-0.034233,-1.8336,0.27729,3.0746,0.049965,2.325,0.24484,3.1993,-0.029182,0.22051,0.25918,3.1362,0.010676,-1.3971,0.27195,3.0877,0.041481,-3,0.29834,3.0395,0.07325,-3.5704,0.31334,3.0223,0.085067,-0.12531,0.26131,3.1258,0.017205,3.3025,0.2329,3.2287,-0.048162
-0.41661,0.28695,3.1186,0.022901,2.6084,0.17638,3.2037,-0.035155,-1.8026,0.34166,3.0796,0.049868,2.3466,0.18682,3.1963,-0.030051,0.24664,0.26311,3.1372,0.010208,-1.3673,0.32344,3.0919,0.041304,-2.9651,0.39732,3.0469,0.073371,-3.5332,0.42938,3.0308,0.085304,-0.098457,0.27541,3.1275,0.016802,3.3214,0.14588,3.2238,-0.049235
-0.38686,0.30771,3.1209,0.022351,2.623,0.1152,3.2002,-0.035534,-1.7655,0.39994,3.0846,0.049218,2.3625,0.13276,3.1933,-0.030444,0.2731,0.26593,3.1382,0.0096992,-1.3326,0.36992,3.096,0.040687,-2.9208,0.48714,3.0542,0.072611,-3.4849,0.53463,3.0393,0.084472,-0.070294,0.28757,3.1292,0.016273,3.3319,0.065268,3.2189,-0.049576
-0.35515,0.32592,3.1231,0.021649,2.6316,0.058429,3.1966,-0.035483,-1.7229,0.45244,3.0894,0.048141,2.3732,0.082498,3.1903,-0.03046,0.29979,0.26774,3.1392,0.0091654,-1.2935,0.41167,3.1,0.039735,-2.868,0.56824,3.0613,0.07116,-3.4266,0.62965,3.0477,0.082811,-0.041003,0.29792,3.1308,0.015653,3.3347,-0.0091828,3.2139,-0.049331
-0.32175,0.34177,3.1252,0.020837,2.6348,0.0059105,3.1931,-0.035091,-1.6752,0.49943,3.0942,0.04674,2.3791,0.035882,3.1872,-0.030178,0.32662,0.2686,3.1401,0.0086175,-1.2504,0.44892,3.1039,0.038527,-2.8075,0.64112,3.0684,0.069193,-3.3593,0.7151,3.0558,0.080529,-0.010763,0.30657,3.1323,0.014969,3.3303,-0.077733,3.209,-0.04863
-0.28687,0.35539,3.1272,0.01995,2.6329,-0.042552,3.1896,-0.034442,-1.6231,0.54125,3.0988,0.045109,2.3805,-0.0072298,3.1842,-0.029668,0.35348,0.2686,3.1409,0.0080651,-1.2038,0.48192,3.1077,0.037139,-2.74,0.70631,3.0752,0.066848,-3.2839,0.79157,3.0638,0.077793,0.020263,0.31365,3.1338,0.014243,3.3193,-0.14072,3.2042,-0.047584
-0.25074,0.36691,3.1292,0.019012,2.6264,-0.087184,3.1862,-0.033598,-1.5671,0.57827,3.1032,0.043313,2.3778,-0.047028,3.1813,-0.028986,0.38031,0.26781,3.1417,0.0075152,-1.1541,0.51095,3.1113,0.035627,-2.6664,0.76431,3.0817,0.064237,-3.2012,0.85961,3.0714,0.074739,0.051919,0.31927,3.1352,0.013493,3.3023,-0.19844,3.1995,-0.04628
-0.21356,0.37646,3.131,0.018047,2.6156,-0.12819,3.1829,-0.03261,-1.5076,0.61077,3.1074,0.041409,2.3712,-0.083688,3.1784,-0.028176,0.40702,0.26627,3.1424,0.0069732,-1.1017,0.53628,3.1148,0.034029,-2.5874,0.81555,3.088,0.061451,-3.1122,0.91968,3.0787,0.071479,0.084067,0.32352,3.1365,0.012731,3.2798,-0.25118,3.195,-0.044791
-0.17552,0.38417,3.1328,0.017073,2.6009,-0.16574,3.1797,-0.03152,-1.4451,0.63902,3.1115,0.039441,2.3611,-0.11737,3.1757,-0.027273,0.43354,0.26406,3.1431,0.0064446,-1.047,0.55814,3.1181,0.032381,-2.5035,0.86038,3.094,0.058563,-3.0176,0.97231,3.0857,0.068119,0.11658,0.32649,3.1377,0.011968,3.2523,-0.29915,3.1906,-0.043172
-0.13678,0.39019,3.1344,0.016098,2.5826,-0.2,3.1766,-0.030362,-1.38,0.66324,3.1153,0.037446,2.3479,-0.14819,3.173,-0.026308,0.45981,0.26123,3.1437,0.0059316,-0.99022,0.57673,3.1213,0.030713,-2.4155,0.89923,3.0997,0.055641,-2.918,1.018,3.0923,0.064699,0.14932,0.32827,3.1389,0.011215,3.2201,-0.3426,3.1863,-0.041476
-0.09753,0.39463,3.136,0.01513,2.561,-0.2311,3.1736,-0.029165,-1.3126,0.68369,3.119,0.035456,2.3316,-0.17628,3.1704,-0.025304,0.48577,0.25784,3.1443,0.005435,-0.93175,0.59224,3.1243,0.029047,-2.3239,0.9325,3.1051,0.052716,-2.8142,1.0573,3.0986,0.061256,0.18219,0.32895,3.14,0.010476,3.1839,-0.38181,3.1823,-0.039736
-0.057906,0.39759,3.1375,0.014176,2.5365,-0.25925,3.1708,-0.027948,-1.2434,0.70063,3.1224,0.033488,2.3127,-0.20179,3.1679,-0.024281,0.51136,0.25395,3.1448,0.0049562,-0.87188,0.60485,3.1271,0.027404,-2.2292,0.96056,3.1103,0.049808,-2.7067,1.0905,3.1046,0.057832,0.21508,0.32863,3.141,0.0097533,3.1439,-0.41699,3.1784,-0.037967
-0.018056,0.39918,3.1388,0.013243,2.5093,-0.28458,3.168,-0.02672,-1.1726,0.7143,3.1257,0.031549,2.2913,-0.22485,3.1655,-0.023247,0.53654,0.2496,3.1453,0.0044965,-0.81088,0.61478,3.1297,0.025793,-2.1319,0.98375,3.1151,0.04694,-2.5963,1.118,3.1102,0.054468,0.24789,0.32737,3.1419,0.0090501,3.1006,-0.44839,3.1747,-0.036189
0.021888,0.39949,3.1401,0.012341,2.4797,-0.30725,3.1654,-0.02549,-1.1006,0.7249,3.1287,0.029648,2.2678,-0.24559,3.1633,-0.02221,0.56127,0.24484,3.1457,0.0040576,-0.74901,0.62221,3.1322,0.024216,-2.0326,1.0024,3.1197,0.044137,-2.4833,1.1402,3.1155,0.05121,0.28053,0.32526,3.1428,0.0083694,3.0543,-0.47619,3.1711,-0.03442
0.061802,0.39863,3.1413,0.01147,2.4479,-0.3274,3.1629,-0.02427,-1.0277,0.73263,3.1316,0.027797,2.2423,-0.26412,3.1611,-0.021178,0.5855,0.23972,3.1461,0.0036401,-0.68651,0.6273,3.1346,0.022679,-1.9316,1.0167,3.1239,0.041426,-2.3684,1.1575,3.1204,0.048059,0.31291,0.32236,3.1436,0.0077146,3.0055,-0.5006,3.1678,-0.032683
0.10157,0.39667,3.1424,0.01063,2.4142,-0.34515,3.1606,-0.023072,-0.95415,0.7377,3.1343,0.026008,2.215,-0.28056,3.159,-0.020159,0.6092,0.23427,3.1464,0.0032428,-0.62362,0.63022,3.1368,0.021188,-1.8294,1.0271,3.1279,0.038808,-2.252,1.1702,3.1251,0.04501,0.34497,0.31873,3.1443,0.0070871,2.9543,-0.52179,3.1646,-0.030987
0.1411,0.39372,3.1434,0.0098197,2.3789,-0.36064,3.1583,-0.0219,-0.88024,0.74028,3.1368,0.024281,2.1862,-0.29502,3.1571,-0.019162,0.63234,0.22853,3.1467,0.0028651,-0.56053,0.63112,3.1388,0.01975,-1.7263,1.0338,3.1317,0.036278,-2.1345,1.1786,3.1295,0.042064,0.37664,0.31445,3.145,0.0064855,2.9012,-0.53996,3.1616,-0.02933
0.18029,0.38984,3.1444,0.0090404,2.3422,-0.37398,3.1562,-0.020754,-0.80618,0.74056,3.1391,0.022615,2.1561,-0.3076,3.1552,-0.018186,0.6549,0.22255,3.147,0.0025065,-0.49745,0.63015,3.1407,0.018367,-1.6227,1.037,3.1352,0.033834,-2.0164,1.183,3.1335,0.039224,0.40784,0.30957,3.1456,0.0059092,2.8464,-0.55528,3.1587,-0.027712
0.21904,0.38512,3.1452,0.0082929,2.3042,-0.38531,3.1542,-0.019633,-0.7322,0.73869,3.1413,0.021008,2.1248,-0.3184,3.1534,-0.01723,0.67685,0.21636,3.1472,0.0021669,-0.43456,0.62744,3.1425,0.017034,-1.519,1.0371,3.1385,0.031479,-1.898,1.1838,3.1373,0.0365,0.43853,0.30415,3.1462,0.0053578,2.7903,-0.56791,3.156,-0.026135
0.25729,0.37964,3.146,0.0075782,2.2652,-0.39473,3.1522,-0.018539,-0.65851,0.73484,3.1433,0.019459,2.0925,-0.32752,3.1518,-0.016296,0.69816,0.20999,3.1474,0.0018462,-0.37202,0.62313,3.1441,0.01575,-1.4154,1.0341,3.1415,0.029218,-1.7797,1.181,3.1408,0.033889,0.46866,0.29825,3.1467,0.0048314,2.7329,-0.57802,3.1535,-0.024604
0.29495,0.37347,3.1468,0.0068953,2.2253,-0.40235,3.1504,-0.017475,-0.58529,0.72917,3.1452,0.017971,2.0593,-0.33506,3.1502,-0.015384,0.71884,0.20346,3.1476,0.001544,-0.30998,0.61734,3.1457,0.014516,-1.3123,1.0284,3.1443,0.027052,-1.6619,1.1751,3.1441,0.031385,0.49817,0.29191,3.1472,0.0043303,2.6747,-0.58577,3.1511,-0.023123
0.33196,0.36666,3.1474,0.0062429,2.1848,-0.40828,3.1488,-0.016442,-0.51273,0.72182,3.1469,0.016546,2.0255,-0.34112,3.1487,-0.014498,0.73885,0.19682,3.1477,0.0012594,-0.24859,0.61021,3.1471,0.013332,-1.2098,1.0202,3.1469,0.024975,-1.5448,1.1663,3.1471,0.028983,0.52703,0.28519,3.1476,0.0038543,2.6159,-0.5913,3.1489,-0.021691
0.36826,0.35929,3.148,0.00562,2.1437,-0.41264,3.1472,-0.015442,-0.44098,0.71294,3.1485,0.015181,1.9912,-0.34577,3.1473,-0.013639,0.7582,0.19009,3.1478,0.00099172,-0.18798,0.60183,3.1483,0.012199,-1.1083,1.0097,3.1493,0.022982,-1.4287,1.1548,3.1499,0.026678,0.55519,0.27813,3.1479,0.0034021,2.5565,-0.59475,3.1468,-0.020304
0.4038,0.35142,3.1485,0.005026,2.1023,-0.41551,3.1457,-0.014472,-0.37019,0.70265,3.15,0.013873,1.9564,-0.34911,3.1459,-0.012805,0.77687,0.18329,3.1479,0.00074045,-0.12827,0.59234,3.1495,0.011116,-1.008,0.99704,3.1515,0.021071,-1.3139,1.1408,3.1524,0.024472,0.58264,0.27077,3.1482,0.002973,2.497,-0.59626,3.1448,-0.018963
0.43853,0.34309,3.149,0.0044607,2.0607,-0.41699,3.1443,-0.013533,-0.30049,0.69109,3.1513,0.012621,1.9214,-0.35122,3.1447,-0.011996,0.79485,0.17645,3.148,0.00050507,-0.069553,0.58183,3.1506,0.010081,-0.90896,0.98243,3.1535,0.019241,-1.2006,1.1245,3.1548,0.022365,0.60934,0.26316,3.1485,0.0025662,2.4374,-0.59596,3.143,-0.017666
0.47241,0.33439,3.1494,0.003924,2.019,-0.41718,3.143,-0.012622,-0.23201,0.67837,3.1525,0.011424,1.8862,-0.35218,3.1435,-0.011211,0.81216,0.16959,3.148,0.00028515,-0.011935,0.57041,3.1515,0.0090916,-0.81152,0.96606,3.1554,0.017493,-1.0891,1.1062,3.1569,0.020353,0.63527,0.25534,3.1488,0.0021813,2.3778,-0.59399,3.1413,-0.016414
0.5054,0.32534,3.1498,0.0034154,1.9773,-0.41617,3.1417,-0.011742,-0.16485,0.66462,3.1536,0.010281,1.851,-0.35206,3.1425,-0.010451,0.82877,0.16273,3.1481,8.0367e-05,0.044501,0.55816,3.1524,0.0081477,-0.7158,0.9481,3.157,0.015826,-0.97946,1.0861,3.1589,0.018431,0.6604,0.24735,3.149,0.0018178,2.3186,-0.59047,3.1397,-0.015209
0.53746,0.31601,3.1501,0.0029337,1.9358,-0.41404,3.1406,-0.010893,-0.099113,0.64994,3.1546,0.0091915,1.8158,-0.35096,3.1415,-0.009717,0.8447,0.15589,3.148,-0.00010993,0.099677,0.54519,3.1531,0.0072483,-0.62196,0.92871,3.1585,0.014235,-0.87193,1.0643,3.1606,0.016598,0.68473,0.23921,3.1491,0.0014756,2.2598,-0.58552,3.1382,-0.014051
0.56858,0.30643,3.1504,0.0024782,1.8945,-0.41089,3.1396,-0.010076,-0.034889,0.63446,3.1554,0.0081557,1.7808,-0.34893,3.1405,-0.0090089,0.85995,0.14909,3.148,-0.00028634,0.15352,0.53158,3.1538,0.006393,-0.53011,0.90804,3.1599,0.01272,-0.76666,1.041,3.1622,0.01485,0.70824,0.23097,3.1493,0.0011539,2.2015,-0.57925,3.1369,-0.012936
0.59874,0.29666,3.1506,0.002048,1.8536,-0.40679,3.1386,-0.0092891,0.027747,0.61826,3.1562,0.0071711,1.7461,-0.34605,3.1397,-0.0083268,0.87452,0.14234,3.148,-0.00044939,0.20598,0.51742,3.1544,0.0055816,-0.44039,0.88625,3.1611,0.011277,-0.66378,1.0163,3.1636,0.013186,0.73092,0.22265,3.1494,0.00085184,2.144,-0.57177,3.1356,-0.011866
0.62791,0.28673,3.1508,0.0016425,1.8132,-0.40182,3.1377,-0.0085323,0.088733,0.60144,3.1569,0.0062363,1.7116,-0.3424,3.1389,-0.00767,0.88842,0.13567,3.1479,-0.00059959,0.25699,0.50279,3.1549,0.0048124,-0.3529,0.86346,3.1621,0.0099048,-0.56343,0.99053,3.1648,0.011604,0.75277,0.21429,3.1494,0.00056885,2.0872,-0.5632,3.1345,-0.010838
0.65608,0.27668,3.1509,0.0012612,1.7733,-0.39606,3.1369,-0.0078052,0.14801,0.5841,3.1574,0.0053505,1.6776,-0.33802,3.1381,-0.0070382,0.90166,0.12908,3.1479,-0.00073744,0.30651,0.48776,3.1554,0.0040843,-0.26772,0.83983,3.1631,0.0086027,-0.4657,0.96374,3.1659,0.010103,0.77378,0.2059,3.1495,0.00030432,2.0314,-0.55362,3.1335,-0.0098522
0.68325,0.26656,3.1511,0.00090331,1.734,-0.38958,3.1361,-0.0071075,0.20554,0.56631,3.1579,0.0045123,1.6441,-0.33299,3.1374,-0.0064314,0.91424,0.12258,3.1478,-0.00086341,0.35452,0.4724,3.1558,0.0033963,-0.18495,0.81547,3.1639,0.0073691,-0.37071,0.9361,3.1668,0.0086802,0.79395,0.19752,3.1495,5.7675e-05,1.9765,-0.54314,3.1325,-0.008909
0.7094,0.25639,3.1511,0.00056843,1.6954,-0.38244,3.1355,-0.0064391,0.26127,0.54817,3.1584,0.0037208,1.611,-0.32736,3.1368,-0.0058492,0.92618,0.1162,3.1477,-0.000978,0.40098,0.45677,3.1561,0.0027474,-0.10464,0.79051,3.1645,0.0062028,-0.27852,0.90774,3.1676,0.0073334,0.81328,0.18917,3.1495,-0.00017167,1.9228,-0.53186,3.1317,-0.0080078
0.73452,0.24621,3.1512,0.00025569,1.6575,-0.37472,3.1348,-0.0057998,0.31517,0.52974,3.1587,0.0029749,1.5786,-0.32121,3.1363,-0.0052916,0.93748,0.10993,3.1476,-0.0010817,0.44587,0.44095,3.1563,0.0021368,-0.026868,0.76505,3.1651,0.0051012,-0.1892,0.8788,3.1683,0.0060615,0.83179,0.18086,3.1495,-0.00038428,1.8702,-0.51986,3.1309,-0.0071486
0.75863,0.23605,3.1512,-3.5735e-05,1.6204,-0.36647,3.1343,-0.0051894,0.36722,0.51111,3.1589,0.0022733,1.5468,-0.31456,3.1358,-0.0047585,0.94816,0.1038,3.1475,-0.0011749,0.48917,0.42498,3.1565,0.0015634,0.048341,0.73922,3.1656,0.0040627,-0.10279,0.84939,3.1689,0.0048629,0.84946,0.17263,3.1494,-0.00058068,1.8188,-0.50722,3.1303,-0.0063293
0.78171,0.22593,3.1512,-0.00030649,1.5842,-0.35777,3.1338,-0.0046078,0.41739,0.49234,3.1591,0.001615,1.5157,-0.3075,3.1353,-0.0042497,0.95823,0.097806,3.1474,-0.0012583,0.53087,0.40893,3.1566,0.0010261,0.12095,0.7131,3.1659,0.0030862,-0.019329,0.81964,3.1693,0.0037359,0.86631,0.16449,3.1493,-0.00076152,1.7688,-0.49403,3.1297,-0.0055497
0.8038,0.21588,3.1511,-0.00055722,1.5489,-0.34865,3.1334,-0.0040537,0.46567,0.47348,3.1593,0.00099808,1.4853,-0.30005,3.1349,-0.003765,0.96771,0.091956,3.1472,-0.0013321,0.57096,0.39285,3.1567,0.00052387,0.19095,0.68679,3.1662,0.0021702,0.061144,0.78965,3.1696,0.0026786,0.88235,0.15646,3.1493,-0.00092748,1.7201,-0.48037,3.1292,-0.0048094
0.82488,0.20592,3.151,-0.0007886,1.5145,-0.33919,3.133,-0.0035267,0.51205,0.45461,3.1593,0.00042153,1.4557,-0.29228,3.1346,-0.0033031,0.97661,0.086256,3.1471,-0.001397,0.60944,0.37679,3.1567,5.5651e-05,0.25831,0.66038,3.1664,0.0013131,0.13861,0.75953,3.1698,0.0016885,0.89758,0.14855,3.1492,-0.0010791,1.6727,-0.46629,3.1287,-0.004108
0.84498,0.19608,3.151,-0.0010013,1.4811,-0.32943,3.1327,-0.0030267,0.55654,0.43578,3.1594,-0.00011559,1.4269,-0.28421,3.1343,-0.0028639,0.98495,0.080712,3.147,-0.0014533,0.64631,0.36079,3.1567,-0.00037981,0.32303,0.63395,3.1665,0.00051307,0.21306,0.72936,3.1699,0.0007631,0.91204,0.14077,3.149,-0.001217,1.6268,-0.45189,3.1283,-0.0034449
0.86411,0.18638,3.1508,-0.0011961,1.4487,-0.31941,3.1324,-0.0025536,0.59917,0.41703,3.1593,-0.00061429,1.3989,-0.27591,3.134,-0.0024475,0.99275,0.075328,3.1468,-0.0015014,0.68158,0.34489,3.1567,-0.00078356,0.38512,0.60758,3.1665,-0.00023178,0.28449,0.69925,3.17,-0.00010025,0.92572,0.13314,3.1489,-0.0013416,1.5824,-0.43721,3.128,-0.0028193
0.88227,0.17683,3.1507,-0.0013736,1.4173,-0.3092,3.1322,-0.002107,0.63993,0.39842,3.1592,-0.0010757,1.3718,-0.2674,3.1338,-0.0020536,1,0.070109,3.1467,-0.0015418,0.71526,0.32913,3.1566,-0.0011566,0.44456,0.58134,3.1664,-0.00092368,0.35291,0.66927,3.1699,-0.00090274,0.93866,0.12567,3.1488,-0.0014535,1.5394,-0.42232,3.1278,-0.0022304
0.8995,0.16745,3.1506,-0.0015346,1.3869,-0.29882,3.132,-0.0016863,0.67885,0.37999,3.1591,-0.001501,1.3455,-0.25874,3.1336,-0.001682,1.0068,0.065057,3.1465,-0.001575,0.74738,0.31354,3.1564,-0.0015,0.50139,0.55529,3.1663,-0.0015648,0.41834,0.6395,3.1698,-0.0016461,0.95086,0.11837,3.1486,-0.0015533,1.4979,-0.40728,3.1276,-0.0016771
0.91579,0.15825,3.1504,-0.0016798,1.3575,-0.28833,3.1318,-0.0012911,0.71595,0.36177,3.1589,-0.0018916,1.32,-0.24995,3.1334,-0.0013323,1.0131,0.060176,3.1463,-0.0016013,0.77795,0.29816,3.1563,-0.0018148,0.55562,0.5295,3.1661,-0.0021563,0.4808,0.61001,3.1696,-0.0023324,0.96234,0.11124,3.1485,-0.0016416,1.4579,-0.39214,3.1274,-0.0011582
0.93117,0.14926,3.1502,-0.0018101,1.3292,-0.27775,3.1317,-0.00092064,0.75124,0.34381,3.1587,-0.0022488,1.2955,-0.24107,3.1333,-0.001004,1.0188,0.055468,3.1462,-0.0016211,0.80701,0.28301,3.1561,-0.0021022,0.60729,0.50403,3.1659,-0.0027,0.54034,0.58086,3.1693,-0.0029635,0.97313,0.1043,3.1483,-0.0017189,1.4194,-0.37696,3.1273,-0.00067239
0.94565,0.14047,3.1501,-0.0019262,1.3019,-0.26714,3.1316,-0.00057414,0.78476,0.32613,3.1585,-0.002574,1.2718,-0.23213,3.1332,-0.00069667,1.0242,0.050934,3.146,-0.001635,0.83457,0.26813,3.1558,-0.0023631,0.65643,0.47891,3.1656,-0.0031975,0.59699,0.55211,3.169,-0.0035416,0.98323,0.097554,3.1481,-0.0017859,1.3825,-0.36177,3.1273,-0.00021812
0.95926,0.13191,3.1499,-0.0020284,1.2757,-0.25651,3.1316,-0.00025071,0.81652,0.30878,3.1582,-0.002869,1.249,-0.22316,3.1332,-0.0004096,1.0291,0.046575,3.1459,-0.0016432,0.86066,0.25353,3.1556,-0.0025987,0.70308,0.4542,3.1652,-0.0036509,0.65079,0.52382,3.1686,-0.0040686,0.99267,0.091004,3.1479,-0.001843,1.3471,-0.34662,3.1273,0.00020499
0.97202,0.12357,3.1496,-0.0021175,1.2506,-0.2459,3.1316,5.0643e-05,0.84656,0.29177,3.1579,-0.0031353,1.2271,-0.21419,3.1331,-0.00014204,1.0335,0.042392,3.1457,-0.0016462,0.88531,0.23924,3.1553,-0.0028102,0.74729,0.42994,3.1648,-0.0040618,0.70179,0.49603,3.1682,-0.0045468,1.0015,0.084658,3.1477,-0.0018908,1.3132,-0.33155,3.1273,0.00059755
0.98395,0.11547,3.1494,-0.0021943,1.2265,-0.23534,3.1316,0.00033104,0.8749,0.27513,3.1576,-0.0033748,1.2062,-0.20525,3.1331,0.00010683,1.0375,0.038385,3.1455,-0.0016443,0.90855,0.22527,3.155,-0.0029988,0.7891,0.40617,3.1644,-0.0044321,0.75003,0.46879,3.1677,-0.0049783,1.0096,0.078519,3.1476,-0.00193,1.2808,-0.3166,3.1274,0.00096072
0.99509,0.10762,3.1492,-0.0022594,1.2035,-0.22485,3.1317,0.0005917,0.90159,0.25888,3.1572,-0.0035879,1.1861,-0.19635,3.1332,0.00033795,1.0412,0.034555,3.1454,-0.0016376,0.93041,0.21165,3.1547,-0.0031657,0.82855,0.38292,3.1639,-0.0047636,0.79556,0.44214,3.1672,-0.0053651,1.0172,0.07259,3.1474,-0.001961,1.2499,-0.3018,3.1275,0.0012956
1.0055,0.10001,3.149,-0.0023135,1.1816,-0.21446,3.1317,0.00083267,0.92667,0.24304,3.1569,-0.0037753,1.1669,-0.18752,3.1332,0.00055235,1.0444,0.030898,3.1452,-0.0016266,0.95091,0.19839,3.1544,-0.003312,0.86571,0.36022,3.1635,-0.0050581,0.83843,0.41612,3.1666,-0.0057085,1.0241,0.066874,3.1472,-0.0019842,1.2204,-0.28719,3.1277,0.0016034
1.0151,0.092651,3.1487,-0.0023574,1.1606,-0.20419,3.1318,0.0010542,0.95019,0.22763,3.1565,-0.0039387,1.1485,-0.17878,3.1333,0.00075115,1.0473,0.027412,3.145,-0.0016116,0.9701,0.1855,3.1541,-0.0034386,0.90061,0.33809,3.1629,-0.0053172,0.87873,0.39075,3.1661,-0.006011,1.0306,0.061371,3.147,-0.0020001,1.1924,-0.27279,3.1278,0.001885
1.024,0.085547,3.1485,-0.0023916,1.1407,-0.19407,3.1319,0.0012571,0.97219,0.21265,3.1561,-0.0040793,1.1311,-0.17014,3.1334,0.00093448,1.0499,0.024093,3.1449,-0.0015932,0.98801,0.173,3.1537,-0.0035463,0.93332,0.31658,3.1624,-0.0055425,0.91652,0.36607,3.1654,-0.0062749,1.0364,0.056082,3.1468,-0.0020091,1.1659,-0.25862,3.128,0.0021416
1.0322,0.078699,3.1483,-0.0024167,1.1218,-0.1841,3.1321,0.0014422,0.99272,0.19813,3.1557,-0.0041986,1.1145,-0.16162,3.1335,0.0011021,1.0521,0.020939,3.1447,-0.0015716,1.0047,0.16088,3.1534,-0.0036362,0.9639,0.29568,3.1618,-0.0057359,0.95188,0.34208,3.1648,-0.0065024,1.0418,0.051006,3.1466,-0.0020118,1.1407,-0.24472,3.1283,0.0023741
1.0398,0.072109,3.148,-0.0024333,1.1039,-0.17431,3.1322,0.0016102,1.0118,0.18406,3.1552,-0.0042978,1.0988,-0.15325,3.1336,0.0012547,1.0541,0.017947,3.1446,-0.0015472,1.0202,0.14917,3.153,-0.0037093,0.99243,0.27541,3.1612,-0.0058993,0.9849,0.31881,3.1641,-0.0066955,1.0466,0.046142,3.1464,-0.0020086,1.1169,-0.23111,3.1285,0.0025835
1.0467,0.065779,3.1478,-0.0024419,1.0869,-0.16472,3.1324,0.0017619,1.0296,0.17047,3.1548,-0.0043781,1.0839,-0.14503,3.1337,0.0013931,1.0557,0.015113,3.1444,-0.0015203,1.0345,0.13785,3.1526,-0.0037669,1.019,0.25579,3.1606,-0.0060343,1.0156,0.29626,3.1635,-0.0068563,1.051,0.041489,3.1462,-0.002,1.0944,-0.21779,3.1288,0.0027706
1.053,0.059707,3.1475,-0.0024429,1.0709,-0.15533,3.1326,0.001898,1.046,0.15734,3.1544,-0.0044405,1.0698,-0.13697,3.1339,0.0015178,1.0571,0.012434,3.1443,-0.0014911,1.0478,0.12693,3.1522,-0.0038097,1.0436,0.23682,3.16,-0.0061428,1.0442,0.27446,3.1628,-0.0069866,1.0549,0.037046,3.146,-0.0019864,1.0733,-0.2048,3.1291,0.0029365
1.0586,0.053895,3.1473,-0.0024369,1.0559,-0.14617,3.1328,0.0020189,1.0611,0.14469,3.1539,-0.0044859,1.0565,-0.1291,3.134,0.0016295,1.0582,0.0099074,3.1441,-0.0014599,1.0599,0.11643,3.1518,-0.0038388,1.0663,0.21852,3.1594,-0.0062262,1.0706,0.25342,3.1621,-0.0070882,1.0584,0.03281,3.1458,-0.0019682,1.0535,-0.19214,3.1294,0.0030821
1.0638,0.04834,3.1471,-0.0024241,1.0417,-0.13723,3.133,0.0021254,1.0749,0.13253,3.1535,-0.0045152,1.0439,-0.12141,3.1342,0.0017286,1.0591,0.0075296,3.144,-0.0014269,1.0711,0.10633,3.1515,-0.0038551,1.0873,0.20088,3.1588,-0.0062862,1.095,0.23313,3.1614,-0.0071627,1.0615,0.02878,3.1456,-0.0019456,1.0349,-0.17983,3.1297,0.0032085
1.0683,0.043041,3.1468,-0.0024052,1.0284,-0.12854,3.1332,0.0022181,1.0876,0.12084,3.153,-0.0045292,1.0322,-0.11392,3.1344,0.0018157,1.0598,0.0052973,3.1438,-0.0013923,1.0812,0.09664,3.1511,-0.0038593,1.1066,0.18391,3.1582,-0.0063241,1.1173,0.21361,3.1606,-0.0072116,1.0642,0.024952,3.1454,-0.0019191,1.0175,-0.16787,3.13,0.0033168
1.0724,0.037996,3.1466,-0.0023808,1.016,-0.12009,3.1334,0.0022979,1.0991,0.10964,3.1526,-0.0045287,1.0211,-0.10663,3.1345,0.0018912,1.0602,0.0032073,3.1437,-0.0013562,1.0904,0.08736,3.1507,-0.0038521,1.1242,0.16761,3.1575,-0.0063414,1.1378,0.19487,3.1599,-0.0072363,1.0665,0.021325,3.1452,-0.0018887,1.0013,-0.15628,3.1304,0.003408
1.0759,0.033198,3.1463,-0.0023513,1.0044,-0.1119,3.1337,0.0023655,1.1095,0.098919,3.1521,-0.0045154,1.0108,-0.099551,3.1347,0.0019559,1.0604,0.0012559,3.1435,-0.0013187,1.0987,0.078488,3.1503,-0.0038342,1.1402,0.15199,3.1569,-0.0063394,1.1564,0.17689,3.1592,-0.0072381,1.0685,0.017894,3.145,-0.0018552,0.98625,-0.14506,3.1307,0.003483
1.079,0.028645,3.1461,-0.0023172,0.9936,-0.10396,3.1339,0.0024215,1.1189,0.088674,3.1517,-0.0044902,1.0012,-0.092691,3.1349,0.0020105,1.0605,-0.00056014,3.1434,-0.0012798,1.1061,0.07002,3.1499,-0.0038065,1.1546,0.13704,3.1563,-0.0063192,1.1732,0.15969,3.1585,-0.0072184,1.0701,0.014655,3.1448,-0.0018187,0.97228,-0.13422,3.131,0.0035428
1.0817,0.024331,3.1459,-0.0022788,0.98359,-0.096294,3.1341,0.0024668,1.1273,0.0789,3.1512,-0.004454,0.99229,-0.08605,3.1351,0.0020554,1.0603,-0.0022445,3.1433,-0.0012398,1.1127,0.061953,3.1495,-0.0037698,1.1676,0.12275,3.1556,-0.0062822,1.1884,0.14325,3.1578,-0.0071796,1.0714,0.011603,3.1446,-0.0017795,0.95938,-0.12376,3.1314,0.0035883
1.0839,0.020251,3.1456,-0.0022366,0.97433,-0.08889,3.1344,0.0025018,1.1347,0.069589,3.1508,-0.0044075,0.98401,-0.079633,3.1354,0.0020913,1.06,-0.0038022,3.1432,-0.0011992,1.1185,0.05428,3.1492,-0.003725,1.1792,0.10914,3.155,-0.0062299,1.2019,0.12757,3.157,-0.0071234,1.0724,0.0087325,3.1445,-0.0017381,0.94751,-0.11368,3.1318,0.0036204
1.0857,0.0164,3.1454,-0.002191,0.9658,-0.081755,3.1346,0.0025272,1.1412,0.060737,3.1503,-0.0043517,0.97636,-0.073441,3.1356,0.0021187,1.0596,-0.0052385,3.1431,-0.001158,1.1236,0.046994,3.1488,-0.0036728,1.1894,0.096176,3.1544,-0.0061637,1.2139,0.11263,3.1563,-0.0070509,1.0731,0.0060397,3.1443,-0.0016946,0.93662,-0.104,3.1321,0.0036398
1.0872,0.012773,3.1452,-0.0021423,0.95796,-0.074891,3.1349,0.0025435,1.1469,0.052334,3.1499,-0.0042874,0.96931,-0.067477,3.1358,0.0021381,1.059,-0.0065582,3.1429,-0.0011165,1.1279,0.040088,3.1484,-0.0036138,1.1984,0.083857,3.1538,-0.0060848,1.2244,0.098421,3.1556,-0.0069633,1.0736,0.0035191,3.1441,-0.0016494,0.92669,-0.0947,3.1325,0.0036474
1.0883,0.0093659,3.145,-0.0020909,0.95081,-0.068299,3.1351,0.0025515,1.1517,0.044376,3.1495,-0.0042154,0.96285,-0.061742,3.136,0.00215,1.0583,-0.0077662,3.1428,-0.0010747,1.1316,0.033554,3.1481,-0.0035486,1.2062,0.072169,3.1532,-0.0059941,1.2336,0.084936,3.1549,-0.0068618,1.0739,0.0011659,3.144,-0.0016026,0.91768,-0.085794,3.1329,0.0036441
1.0891,0.0061721,3.1448,-0.0020372,0.9443,-0.06198,3.1354,0.0025515,1.1558,0.036852,3.1491,-0.0041363,0.95696,-0.056236,3.1362,0.0021549,1.0574,-0.0088672,3.1427,-0.0010327,1.1347,0.027384,3.1477,-0.0034778,1.2128,0.061098,3.1526,-0.0058925,1.2414,0.072158,3.1543,-0.0067476,1.0739,-0.0010249,3.1438,-0.0015546,0.90954,-0.077276,3.1332,0.0036307
1.0895,0.0031867,3.1446,-0.0019815,0.93841,-0.055932,3.1357,0.0025443,1.1591,0.029755,3.1487,-0.0040512,0.9516,-0.050961,3.1364,0.0021533,1.0565,-0.0098657,3.1426,-0.00099059,1.1371,0.02157,3.1474,-0.0034021,1.2184,0.050631,3.152,-0.0057811,1.248,0.060074,3.1536,-0.0066219,1.0737,-0.0030582,3.1436,-0.0015055,0.90225,-0.069142,3.1336,0.0036079
1.0897,0.00040415,3.1444,-0.0019241,0.93312,-0.050153,3.1359,0.0025303,1.1617,0.023075,3.1483,-0.0039605,0.94676,-0.045914,3.1366,0.0021457,1.0555,-0.010766,3.1425,-0.0009485,1.139,0.016105,3.147,-0.0033219,1.223,0.040756,3.1514,-0.0056609,1.2535,0.04867,3.1529,-0.0064859,1.0733,-0.0049391,3.1435,-0.0014556,0.89574,-0.061385,3.1339,0.0035764
1.0896,-0.0021815,3.1442,-0.0018652,0.92839,-0.044639,3.1362,0.0025101,1.1637,0.016805,3.1479,-0.0038651,0.94242,-0.041093,3.1368,0.0021325,1.0543,-0.011573,3.1424,-0.00090656,1.1404,0.010979,3.1467,-0.003238,1.2266,0.031458,3.1509,-0.0055328,1.2578,0.03793,3.1523,-0.0063409,1.0727,-0.0066725,3.1434,-0.0014051,0.89,-0.053999,3.1343,0.0035369
1.0893,-0.0045773,3.144,-0.0018053,0.9242,-0.039386,3.1364,0.0024842,1.1651,0.010932,3.1475,-0.0037654,0.93855,-0.036496,3.1371,0.0021141,1.0531,-0.01229,3.1423,-0.00086491,1.1412,0.0061851,3.1464,-0.0031508,1.2293,0.022725,3.1503,-0.0053978,1.2611,0.027842,3.1517,-0.0061881,1.0719,-0.0082636,3.1432,-0.0013541,0.88496,-0.046978,3.1346,0.0034901
1.0887,-0.0067906,3.1438,-0.0017444,0.92052,-0.034389,3.1367,0.002453,1.1659,0.0054439,3.1471,-0.0036621,0.93513,-0.032118,3.1373,0.002091,1.0519,-0.012921,3.1423,-0.00082372,1.1416,0.001713,3.1461,-0.0030609,1.2312,0.014541,3.1498,-0.0052568,1.2634,0.018387,3.1511,-0.0060287,1.071,-0.0097182,3.1431,-0.0013029,0.88061,-0.040317,3.135,0.0034366
1.0879,-0.0088284,3.1437,-0.0016828,0.91732,-0.029646,3.1369,0.002417,1.1662,0.00032769,3.1467,-0.0035556,0.93213,-0.027956,3.1375,0.0020635,1.0506,-0.013471,3.1422,-0.00078314,1.1416,-0.0024458,3.1458,-0.0029686,1.2323,0.0068938,3.1493,-0.0051108,1.2648,0.0095514,3.1505,-0.0058639,1.07,-0.011042,3.143,-0.0012516,0.87689,-0.034007,3.1353,0.003377
1.0869,-0.010698,3.1435,-0.0016208,0.91458,-0.025152,3.1371,0.0023767,1.166,-0.0044293,3.1464,-0.0034464,0.92953,-0.024007,3.1377,0.0020322,1.0492,-0.013943,3.1421,-0.00074336,1.1411,-0.0063023,3.1455,-0.0028744,1.2326,-0.00023211,3.1488,-0.0049607,1.2653,0.0013174,3.1499,-0.0056942,1.0688,-0.012241,3.1428,-0.0012004,0.87378,-0.028043,3.1357,0.003312
1.0858,-0.012405,3.1433,-0.0015586,0.91227,-0.020902,3.1374,0.0023325,1.1653,-0.0088395,3.1461,-0.0033351,0.92732,-0.020267,3.1379,0.0019972,1.0478,-0.014341,3.142,-0.0007044,1.1403,-0.0098679,3.1452,-0.0027786,1.2323,-0.006851,3.1483,-0.0048074,1.2651,-0.0063356,3.1493,-0.0055203,1.0675,-0.013321,3.1427,-0.0011493,0.87125,-0.022418,3.136,0.003242
1.0845,-0.013957,3.1432,-0.0014963,0.91037,-0.016891,3.1376,0.0022847,1.1642,-0.012915,3.1457,-0.0032222,0.92546,-0.016733,3.1381,0.0019591,1.0463,-0.01467,3.142,-0.00066618,1.1392,-0.013154,3.1449,-0.0026817,1.2313,-0.012978,3.1478,-0.0046516,1.2641,-0.013429,3.1488,-0.0053428,1.0662,-0.014288,3.1426,-0.0010986,0.86925,-0.017124,3.1363,0.0031678
1.083,-0.015361,3.143,-0.0014342,0.90887,-0.013115,3.1378,0.0022338,1.1627,-0.016669,3.1454,-0.0031081,0.92395,-0.0134,3.1383,0.0019181,1.0449,-0.014934,3.1419,-0.00062876,1.1377,-0.016171,3.1447,-0.002584,1.2297,-0.018632,3.1473,-0.0044933,1.2624,-0.019983,3.1483,-0.0051627,1.0647,-0.015145,3.1425,-0.0010483,0.86777,-0.012155,3.1366,0.0030898
1.0814,-0.016622,3.1429,-0.0013724,0.90772,-0.009569,3.1381,0.0021802,1.1609,-0.020111,3.1451,-0.0029931,0.92276,-0.010263,3.1385,0.0018745,1.0433,-0.015136,3.1418,-0.00059221,1.1359,-0.018931,3.1444,-0.0024858,1.2276,-0.023832,3.1469,-0.0043333,1.2601,-0.02602,3.1477,-0.0049806,1.0631,-0.015899,3.1424,-0.0009986,0.86677,-0.007502,3.1369,0.0030085
1.0797,-0.017748,3.1428,-0.001311,0.90693,-0.0062473,3.1383,0.0021241,1.1587,-0.023255,3.1448,-0.0028777,0.92188,-0.0073201,3.1387,0.0018286,1.0418,-0.015282,3.1418,-0.00055658,1.1339,-0.021443,3.1442,-0.0023874,1.2249,-0.028597,3.1465,-0.0041723,1.2572,-0.031559,3.1473,-0.0047972,1.0615,-0.016555,3.1423,-0.00094956,0.86623,-0.0031585,3.1372,0.0029245
1.0779,-0.018743,3.1426,-0.0012502,0.90646,-0.0031445,3.1385,0.0020659,1.1563,-0.02611,3.1445,-0.0027623,0.92129,-0.004565,3.1388,0.0017807,1.0403,-0.015374,3.1417,-0.00052191,1.1316,-0.023718,3.1439,-0.0022893,1.2218,-0.032946,3.1461,-0.0040107,1.2538,-0.036619,3.1468,-0.0046132,1.0598,-0.017118,3.1422,-0.00090127,0.86611,0.00088363,3.1375,0.0028382
1.0759,-0.019614,3.1425,-0.0011902,0.9063,-0.00025377,3.1387,0.0020059,1.1535,-0.028689,3.1443,-0.0026471,0.92096,-0.0019933,3.139,0.0017311,1.0388,-0.015415,3.1417,-0.00048823,1.1292,-0.025766,3.1437,-0.0021915,1.2183,-0.036895,3.1457,-0.0038493,1.2499,-0.04122,3.1463,-0.0044291,1.0581,-0.017592,3.1421,-0.00085382,0.86639,0.0046345,3.1378,0.0027497
1.0739,-0.020367,3.1424,-0.0011311,0.90641,0.0024327,3.1389,0.0019444,1.1505,-0.031003,3.144,-0.0025326,0.92088,0.00040134,3.1392,0.0016801,1.0372,-0.01541,3.1416,-0.00045555,1.1265,-0.027596,3.1435,-0.0020944,1.2145,-0.040462,3.1453,-0.0036884,1.2456,-0.045382,3.1459,-0.0042455,1.0563,-0.017981,3.142,-0.00080729,0.86704,0.0081056,3.1381,0.0026596
1.0719,-0.021008,3.1423,-0.0010728,0.90678,0.0049224,3.1391,0.0018817,1.1473,-0.033062,3.1438,-0.002419,0.92104,0.0026252,3.1393,0.0016279,1.0357,-0.015361,3.1416,-0.00042389,1.1237,-0.029219,3.1433,-0.0019982,1.2103,-0.043664,3.1449,-0.0035285,1.2408,-0.049121,3.1455,-0.0040627,1.0545,-0.018292,3.142,-0.00076175,0.86802,0.011308,3.1383,0.0025682
1.0697,-0.021543,3.1422,-0.0010157,0.9074,0.0072227,3.1393,0.0018181,1.1439,-0.03488,3.1435,-0.0023065,0.92141,0.0046847,3.1395,0.0015747,1.0341,-0.015272,3.1415,-0.00039324,1.1207,-0.030642,3.1431,-0.0019031,1.2057,-0.046518,3.1446,-0.00337,1.2358,-0.052456,3.1451,-0.0038813,1.0527,-0.018528,3.1419,-0.00071726,0.8693,0.014252,3.1386,0.002476
1.0676,-0.021979,3.1421,-0.00095962,0.90823,0.0093409,3.1394,0.0017538,1.1404,-0.036471,3.1433,-0.0021954,0.92198,0.0065859,3.1397,0.0015208,1.0326,-0.015146,3.1415,-0.00036359,1.1176,-0.031876,3.1429,-0.0018093,1.201,-0.049039,3.1443,-0.0032132,1.2304,-0.055405,3.1447,-0.0037016,1.0508,-0.018694,3.1418,-0.00067386,0.87087,0.016949,3.1388,0.0023833
1.0654,-0.022321,3.142,-0.00090479,0.90926,0.011284,3.1396,0.001689,1.1367,-0.037845,3.1431,-0.0020858,0.92273,0.0083349,3.1398,0.0014664,1.0311,-0.014985,3.1415,-0.00033499,1.1143,-0.032931,3.1427,-0.0017169,1.196,-0.051242,3.1439,-0.0030582,1.2247,-0.057984,3.1443,-0.0035239,1.0489,-0.018795,3.1417,-0.00063161,0.87269,0.019409,3.1391,0.0022904
1.0631,-0.022577,3.1419,-0.00085124,0.91048,0.013059,3.1398,0.001624,1.1328,-0.039014,3.1429,-0.001978,0.92364,0.0099376,3.14,0.0014117,1.0296,-0.014792,3.1414,-0.00030745,1.111,-0.033817,3.1426,-0.0016261,1.1907,-0.053143,3.1436,-0.0029054,1.2188,-0.060213,3.144,-0.0033487,1.047,-0.018836,3.1417,-0.00059053,0.87474,0.021641,3.1393,0.0021977
1.0608,-0.02275,3.1418,-0.00079905,0.91187,0.014672,3.1399,0.001559,1.1289,-0.03999,3.1427,-0.0018722,0.92471,0.0114,3.1401,0.0013568,1.0282,-0.014571,3.1414,-0.00028098,1.1076,-0.034544,3.1424,-0.0015372,1.1854,-0.054756,3.1434,-0.0027549,1.2127,-0.062112,3.1437,-0.0031763,1.0452,-0.018821,3.1416,-0.00055066,0.87701,0.023655,3.1395,0.0021054
1.0586,-0.022846,3.1418,-0.00074826,0.9134,0.016131,3.1401,0.0014942,1.1248,-0.040784,3.1425,-0.0017686,0.92591,0.012727,3.1402,0.0013019,1.0267,-0.014324,3.1414,-0.00025556,1.1041,-0.035121,3.1423,-0.0014501,1.1798,-0.056096,3.1431,-0.002607,1.2064,-0.0637,3.1434,-0.0030071,1.0433,-0.018753,3.1416,-0.00051203,0.87946,0.025461,3.1397,0.0020137
1.0563,-0.022871,3.1417,-0.00069891,0.91508,0.01744,3.1402,0.0014297,1.1207,-0.041406,3.1423,-0.0016672,0.92724,0.013925,3.1404,0.0012472,1.0253,-0.014054,3.1414,-0.00023121,1.1005,-0.035558,3.1421,-0.001365,1.1741,-0.05718,3.1428,-0.0024623,1.1999,-0.064994,3.1431,-0.0028412,1.0414,-0.018637,3.1415,-0.00047466,0.88208,0.027068,3.1399,0.0019227
1.054,-0.022829,3.1416,-0.00065105,0.91688,0.018608,3.1404,0.0013657,1.1165,-0.041867,3.1422,-0.0015682,0.92869,0.014998,3.1405,0.0011928,1.0239,-0.013763,3.1413,-0.00020791,1.097,-0.035863,3.142,-0.001282,1.1684,-0.058025,3.1426,-0.0023207,1.1934,-0.066012,3.1428,-0.0026789,1.0396,-0.018476,3.1415,-0.00043858,0.88486,0.028484,3.1401,0.0018328
1.0517,-0.022725,3.1415,-0.00060471,0.91879,0.019639,3.1405,0.0013022,1.1123,-0.042176,3.142,-0.0014717,0.93023,0.015953,3.1406,0.0011389,1.0225,-0.013453,3.1413,-0.00018566,1.0934,-0.036045,3.1419,-0.0012012,1.1625,-0.058644,3.1424,-0.0021826,1.1868,-0.066771,3.1425,-0.0025203,1.0377,-0.018274,3.1414,-0.00040378,0.88777,0.029719,3.1403,0.0017438
1.0494,-0.022563,3.1415,-0.00055991,0.9208,0.02054,3.1406,0.0012396,1.1081,-0.042342,3.1419,-0.0013778,0.93187,0.016794,3.1407,0.0010855,1.0212,-0.013127,3.1413,-0.00016445,1.0898,-0.036112,3.1418,-0.0011227,1.1567,-0.059053,3.1422,-0.0020479,1.18,-0.067287,3.1423,-0.0023657,1.0359,-0.018034,3.1414,-0.0003703,0.89079,0.030779,3.1404,0.0016559
1.0472,-0.022348,3.1414,-0.00051666,0.92289,0.021319,3.1408,0.0011778,1.1039,-0.042374,3.1417,-0.0012866,0.93359,0.017527,3.1408,0.0010327,1.0199,-0.012787,3.1413,-0.00014426,1.0861,-0.036071,3.1416,-0.0010465,1.1507,-0.059266,3.142,-0.0019168,1.1733,-0.067576,3.1421,-0.0022152,1.0341,-0.017759,3.1414,-0.00033812,0.89391,0.031675,3.1406,0.0015695
1.045,-0.022084,3.1414,-0.00047504,0.92506,0.021981,3.1409,0.001117,1.0996,-0.042283,3.1416,-0.0011983,0.93537,0.018157,3.1409,0.00098078,1.0187,-0.012434,3.1413,-0.00012508,1.0825,-0.03593,3.1415,-0.00097271,1.1448,-0.059296,3.1418,-0.0017893,1.1665,-0.067652,3.1419,-0.002069,1.0324,-0.017453,3.1413,-0.00030727,0.89712,0.032418,3.1408,0.0014847
1.0428,-0.021775,3.1413,-0.00043502,0.92729,0.022533,3.141,0.0010573,1.0954,-0.042077,3.1415,-0.0011128,0.93722,0.018691,3.141,0.0009297,1.0174,-0.012071,3.1413,-0.00010689,1.079,-0.035697,3.1415,-0.00090137,1.1389,-0.059155,3.1416,-0.0016657,1.1598,-0.06753,3.1417,-0.0019272,1.0306,-0.017118,3.1413,-0.00027773,0.90039,0.033015,3.1409,0.0014018
1.0406,-0.021426,3.1413,-0.00039661,0.92956,0.022983,3.1411,0.00099883,1.0912,-0.041766,3.1414,-0.0010301,0.93911,0.019134,3.1411,0.00087957,1.0162,-0.011698,3.1412,-8.9683e-05,1.0754,-0.035377,3.1414,-0.00083251,1.133,-0.058856,3.1415,-0.001546,1.153,-0.067223,3.1415,-0.00179,1.0289,-0.016758,3.1413,-0.00024951,0.90372,0.033476,3.141,0.0013206
1.0385,-0.021041,3.1413,-0.00035977,0.93188,0.023335,3.1412,0.00094161,1.0871,-0.041357,3.1413,-0.0009504,0.94104,0.019492,3.1412,0.00083047,1.0151,-0.011319,3.1412,-7.346e-05,1.0719,-0.034978,3.1413,-0.00076618,1.1271,-0.05841,3.1413,-0.0014303,1.1463,-0.066744,3.1413,-0.0016575,1.0273,-0.016375,3.1413,-0.00022257,0.90708,0.033809,3.1412,0.0012414
1.0364,-0.020622,3.1412,-0.00032449,0.93423,0.023597,3.1413,0.00088574,1.083,-0.04086,3.1412,-0.00087355,0.943,0.019769,3.1413,0.00078246,1.014,-0.010934,3.1412,-5.8202e-05,1.0684,-0.034507,3.1412,-0.00070236,1.1213,-0.057829,3.1412,-0.0013188,1.1397,-0.066108,3.1411,-0.0015296,1.0257,-0.015973,3.1412,-0.00019689,0.91048,0.034023,3.1413,0.0011642
1.0344,-0.020175,3.1412,-0.00029075,0.9366,0.023773,3.1414,0.00083127,1.0789,-0.040282,3.1411,-0.0007996,0.94499,0.01997,3.1413,0.00073559,1.0129,-0.010545,3.1412,-4.387e-05,1.065,-0.033971,3.1411,-0.00064105,1.1156,-0.057123,3.141,-0.0012115,1.1331,-0.065328,3.141,-0.0014065,1.0241,-0.015554,3.1412,-0.00017246,0.91389,0.034125,3.1414,0.001089
1.0324,-0.019702,3.1412,-0.00025854,0.93898,0.023869,3.1414,0.00077827,1.0749,-0.03963,3.141,-0.00072856,0.947,0.020101,3.1414,0.00068994,1.0119,-0.010154,3.1412,-3.0426e-05,1.0616,-0.033377,3.1411,-0.00058224,1.1099,-0.056304,3.1409,-0.0011084,1.1266,-0.064417,3.1409,-0.001288,1.0226,-0.01512,3.1412,-0.00014925,0.9173,0.034123,3.1415,0.001016
1.0304,-0.019206,3.1411,-0.00022784,0.94137,0.02389,3.1415,0.00072679,1.071,-0.038913,3.141,-0.00066043,0.94901,0.020165,3.1415,0.00064553,1.0109,-0.0097608,3.1412,-1.7836e-05,1.0583,-0.032729,3.141,-0.00052591,1.1043,-0.055381,3.1408,-0.0010095,1.1203,-0.063386,3.1407,-0.0011742,1.0211,-0.014674,3.1412,-0.00012724,0.92071,0.034024,3.1416,0.00094523
1.0285,-0.018691,3.1411,-0.00019864,0.94375,0.023842,3.1416,0.00067688,1.0671,-0.038135,3.1409,-0.00059521,0.95103,0.020167,3.1415,0.00060242,1.0099,-0.0093678,3.1412,-6.0681e-06,1.0551,-0.032034,3.141,-0.00047204,1.0988,-0.054365,3.1407,-0.00091463,1.114,-0.062248,3.1406,-0.001065,1.0196,-0.014218,3.1412,-0.0001064,0.9241,0.033835,3.1417,0.00087674
1.0267,-0.018159,3.1411,-0.00017091,0.94613,0.023729,3.1416,0.00062857,1.0634,-0.037304,3.1409,-0.00053288,0.95304,0.020111,3.1416,0.00056064,1.009,-0.0089759,3.1412,4.9078e-06,1.0519,-0.031297,3.1409,-0.00042062,1.0934,-0.053266,3.1406,-0.00082387,1.1078,-0.061014,3.1405,-0.00096059,1.0182,-0.013753,3.1412,-8.6725e-05,0.92747,0.033563,3.1418,0.00081065
1.0249,-0.017613,3.1411,-0.00014466,0.9485,0.023555,3.1417,0.0005819,1.0597,-0.036425,3.1408,-0.00047343,0.95505,0.020002,3.1416,0.00052021,1.0081,-0.0085859,3.1412,1.5119e-05,1.0488,-0.030523,3.1409,-0.00037161,1.0882,-0.052093,3.1406,-0.00073718,1.1018,-0.059693,3.1404,-0.00086077,1.0169,-0.013282,3.1412,-6.818e-05,0.93081,0.033213,3.1419,0.00074703
1.0232,-0.017056,3.1411,-0.00011987,0.95084,0.023326,3.1418,0.00053688,1.0561,-0.035505,3.1408,-0.00041686,0.95704,0.019842,3.1417,0.00048118,1.0073,-0.008199,3.1412,2.4589e-05,1.0458,-0.029718,3.1409,-0.000325,1.083,-0.050855,3.1405,-0.00065453,1.0959,-0.058296,3.1403,-0.00076553,1.0156,-0.012807,3.1411,-5.0747e-05,0.93411,0.032794,3.1419,0.0006858
1.0215,-0.016488,3.1411,-9.6522e-05,0.95316,0.023047,3.1418,0.00049353,1.0526,-0.034547,3.1407,-0.00036313,0.95901,0.019637,3.1417,0.00044355,1.0065,-0.0078161,3.1412,3.334e-05,1.0429,-0.028884,3.1408,-0.00028074,1.078,-0.049559,3.1404,-0.00057587,1.0901,-0.056832,3.1403,-0.00067484,1.0143,-0.012329,3.1411,-3.4402e-05,0.93737,0.03231,3.142,0.00062693
1.0199,-0.015914,3.1411,-7.4604e-05,0.95545,0.022722,3.1419,0.00045182,1.0492,-0.033557,3.1407,-0.0003122,0.96096,0.019391,3.1418,0.00040731,1.0057,-0.0074379,3.1412,4.1392e-05,1.04,-0.028028,3.1408,-0.0002388,1.0731,-0.048214,3.1404,-0.00050114,1.0845,-0.05531,3.1402,-0.00058863,1.0131,-0.011849,3.1411,-1.9123e-05,0.94057,0.031768,3.1421,0.00057042
1.0183,-0.015335,3.1411,-5.3998e-05,0.9577,0.022355,3.1419,0.00041177,1.0459,-0.032542,3.1407,-0.00026398,0.96289,0.019107,3.1418,0.00037247,1.005,-0.0070652,3.1412,4.8763e-05,1.0373,-0.027152,3.1408,-0.00019915,1.0684,-0.046826,3.1403,-0.00043028,1.079,-0.053737,3.1402,-0.00050684,1.0119,-0.011369,3.1411,-4.8855e-06,0.94372,0.031174,3.1421,0.00051628
1.0168,-0.014752,3.141,-3.4663e-05,0.95992,0.02195,3.1419,0.00037337,1.0427,-0.031506,3.1406,-0.0002184,0.96478,0.018788,3.1419,0.00033902,1.0043,-0.0066987,3.1412,5.5465e-05,1.0346,-0.02626,3.1408,-0.00016174,1.0637,-0.045403,3.1403,-0.0003632,1.0738,-0.052122,3.1401,-0.00042938,1.0108,-0.010891,3.1411,8.3435e-06,0.9468,0.030533,3.1422,0.00046451
1.0154,-0.014169,3.141,-1.658e-05,0.96209,0.021511,3.142,0.0003366,1.0396,-0.030453,3.1406,-0.00017543,0.96664,0.018439,3.1419,0.00030696,1.0037,-0.006339,3.1412,6.1513e-05,1.032,-0.025356,3.1408,-0.00012652,1.0593,-0.043952,3.1403,-0.00029983,1.0686,-0.050472,3.1401,-0.00035616,1.0098,-0.010415,3.1411,2.0612e-05,0.94982,0.029851,3.1422,0.00041507
1.014,-0.013587,3.141,2.7106e-07,0.96422,0.021043,3.142,0.00030146,1.0366,-0.029387,3.1406,-0.00013498,0.96847,0.018061,3.1419,0.00027627,1.003,-0.0059867,3.1413,6.6914e-05,1.0295,-0.024443,3.1407,-9.3469e-05,1.055,-0.042477,3.1402,-0.00024004,1.0637,-0.048793,3.14,-0.00028713,1.0087,-0.0099433,3.1411,3.1954e-05,0.95277,0.029131,3.1422,0.00036796
1.0127,-0.013007,3.141,1.5918e-05,0.9663,0.020548,3.142,0.00026793,1.0337,-0.028313,3.1406,-9.7008e-05,0.97026,0.01766,3.1419,0.00024695,1.0025,-0.0056422,3.1413,7.1704e-05,1.0271,-0.023525,3.1407,-6.2508e-05,1.0508,-0.040984,3.1402,-0.00018375,1.0589,-0.047094,3.14,-0.00022217,1.0078,-0.0094765,3.1411,4.2403e-05,0.95565,0.02838,3.1423,0.00032315
1.0114,-0.01243,3.141,3.0391e-05,0.96833,0.020029,3.1421,0.00023599,1.0309,-0.027234,3.1406,-6.1437e-05,0.972,0.017236,3.142,0.00021898,1.0019,-0.0053057,3.1413,7.6047e-05,1.0248,-0.022604,3.1407,-3.3566e-05,1.0468,-0.039481,3.1402,-0.00013095,1.0542,-0.045381,3.14,-0.00016118,1.0068,-0.0090156,3.1412,5.1991e-05,0.95845,0.027601,3.1423,0.00028058
1.0102,-0.01186,3.1411,4.3726e-05,0.97031,0.01949,3.1421,0.00020564,1.0282,-0.026154,3.1406,-2.8202e-05,0.9737,0.016793,3.142,0.00019236,1.0014,-0.0049777,3.1413,7.9946e-05,1.0226,-0.021684,3.1407,-6.5704e-06,1.0429,-0.037971,3.1402,-8.1512e-05,1.0498,-0.043659,3.14,-0.00010401,1.006,-0.0085615,3.1412,6.0753e-05,0.96117,0.026798,3.1423,0.00024022
1.009,-0.011296,3.1411,5.5964e-05,0.97223,0.018934,3.1421,0.00017684,1.0257,-0.025076,3.1406,2.7659e-06,0.97536,0.016334,3.142,0.00016707,1.0009,-0.0046586,3.1413,8.338e-05,1.0205,-0.020767,3.1407,1.8548e-05,1.0392,-0.036459,3.1402,-3.5333e-05,1.0455,-0.041935,3.14,-5.0562e-05,1.0051,-0.0081151,3.1412,6.8721e-05,0.96381,0.025976,3.1423,0.00020201
1.0079,-0.010739,3.1411,6.715e-05,0.97409,0.018363,3.1421,0.00014958,1.0232,-0.024002,3.1406,3.154e-05,0.97697,0.015861,3.142,0.00014309,1.0005,-0.0043487,3.1413,8.6333e-05,1.0185,-0.019856,3.1407,4.1857e-05,1.0356,-0.03495,3.1402,7.7035e-06,1.0414,-0.040212,3.14,-7.1426e-07,1.0043,-0.007677,3.1412,7.5929e-05,0.96636,0.025137,3.1424,0.00016589
1.0069,-0.010192,3.1411,7.7334e-05,0.9759,0.01778,3.1421,0.00012383,1.0209,-0.022936,3.1406,5.8195e-05,0.97853,0.015376,3.142,0.0001204,1,-0.0040484,3.1413,8.88e-05,1.0165,-0.018952,3.1407,6.3424e-05,1.0322,-0.033447,3.1402,4.7706e-05,1.0375,-0.038496,3.14,4.5646e-05,1.0036,-0.007248,3.1412,8.2411e-05,0.96883,0.024286,3.1424,0.00013187
1.0059,-0.0096538,3.1411,8.6571e-05,0.97765,0.017186,3.1421,9.9564e-05,1.0186,-0.02188,3.1406,8.2808e-05,0.98005,0.014881,3.1421,9.9e-05,0.99966,-0.0037579,3.1413,9.0782e-05,1.0147,-0.018058,3.1407,8.331e-05,1.0289,-0.031956,3.1402,8.4779e-05,1.0337,-0.036792,3.14,8.863e-05,1.0029,-0.0068286,3.1412,8.8199e-05,0.97122,0.023425,3.1424,9.9902e-05
1.0049,-0.0091264,3.1411,9.4919e-05,0.97934,0.016586,3.1422,7.675e-05,1.0165,-0.020836,3.1406,0.00010546,0.98151,0.014378,3.1421,7.8837e-05,0.9993,-0.0034773,3.1413,9.2291e-05,1.0129,-0.017176,3.1408,0.00010158,1.0258,-0.030478,3.1402,0.00011902,1.0301,-0.035104,3.14,0.00012835,1.0022,-0.0064193,3.1412,9.3329e-05,0.97351,0.022559,3.1424,6.9915e-05
1.004,-0.0086102,3.1411,0.00010244,0.98096,0.01598,3.1422,5.5344e-05,1.0145,-0.019806,3.1406,0.00012622,0.98292,0.01387,3.1421,5.9879e-05,0.99896,-0.0032069,3.1413,9.3343e-05,1.0112,-0.016307,3.1408,0.00011829,1.0228,-0.029019,3.1402,0.00015053,1.0267,-0.033434,3.14,0.0001649,1.0016,-0.0060207,3.1412,9.7833e-05,0.97573,0.021689,3.1424,4.184e-05
1.0032,-0.0081056,3.1411,0.00010921,0.98253,0.015372,3.1422,3.5297e-05,1.0125,-0.018792,3.1406,0.00014512,0.98428,0.013358,3.1421,4.2093e-05,0.99865,-0.0029466,3.1413,9.3966e-05,1.0096,-0.015454,3.1408,0.0001335,1.02,-0.027579,3.1402,0.00017941,1.0234,-0.031787,3.14,0.0001984,1.001,-0.0056331,3.1412,0.00010175,0.97785,0.020819,3.1424,1.561e-05
1.0024,-0.0076132,3.1411,0.00011528,0.98403,0.014763,3.1422,1.6565e-05,1.0107,-0.017797,3.1406,0.00016217,0.98559,0.012844,3.1421,2.5444e-05,0.99837,-0.0026966,3.1413,9.4193e-05,1.0081,-0.014616,3.1408,0.00014726,1.0173,-0.026162,3.1402,0.00020572,1.0203,-0.030166,3.14,0.00022894,1.0005,-0.0052568,3.1412,0.0001051,0.97989,0.019951,3.1424,-8.8367e-06
1.0017,-0.0071339,3.1411,0.00012057,0.98548,0.014155,3.1422,-8.9648e-07,1.009,-0.016822,3.1407,0.00017751,0.98684,0.012329,3.1421,9.8979e-06,0.99811,-0.0024568,3.1414,9.4068e-05,1.0067,-0.013796,3.1408,0.00015962,1.0147,-0.024771,3.1403,0.00022957,1.0174,-0.028573,3.1401,0.00025664,0.99997,-0.004892,3.1412,0.00010793,0.98184,0.019087,3.1424,-3.1561e-05
1.001,-0.0066683,3.1411,0.00012508,0.98686,0.013549,3.1422,-1.7133e-05,1.0074,-0.015868,3.1407,0.00019124,0.98805,0.011816,3.1421,-4.5792e-06,0.99788,-0.0022271,3.1414,9.3641e-05,1.0054,-0.012994,3.1408,0.00017064,1.0123,-0.023408,3.1403,0.00025105,1.0146,-0.027011,3.1401,0.00028164,0.9995,-0.0045389,3.1412,0.00011027,0.98371,0.01823,3.1424,-5.2619e-05
1.0003,-0.0062167,3.1412,0.00012889,0.98818,0.012948,3.1422,-3.2186e-05,1.0058,-0.014935,3.1407,0.00020347,0.98921,0.011306,3.1421,-1.8022e-05,0.99767,-0.0020073,3.1414,9.2971e-05,1.0041,-0.012212,3.1408,0.00018038,1.0101,-0.022074,3.1403,0.00027027,1.012,-0.025483,3.1401,0.00030406,0.99906,-0.0041977,3.1413,0.00011215,0.98549,0.017382,3.1424,-7.2064e-05
0.99975,-0.0057792,3.1412,0.00013207,0.98945,0.012352,3.1422,-4.61e-05,1.0044,-0.014026,3.1407,0.00021429,0.99031,0.010799,3.1421,-3.0467e-05,0.99747,-0.0017972,3.1414,9.2124e-05,1.0029,-0.01145,3.1409,0.00018889,1.0079,-0.020771,3.1403,0.00028736,1.0095,-0.02399,3.1402,0.00032403,0.99866,-0.0038688,3.1413,0.00011356,0.98719,0.016544,3.1424,-8.9946e-05
0.99919,-0.0053559,3.1412,0.00013467,0.99066,0.011763,3.1422,-5.8915e-05,1.003,-0.013141,3.1407,0.0002238,0.99137,0.010297,3.1421,-4.1949e-05,0.9973,-0.0015967,3.1414,9.1176e-05,1.0018,-0.01071,3.1409,0.00019627,1.0059,-0.019502,3.1404,0.00030243,1.0072,-0.022534,3.1402,0.00034167,0.99829,-0.0035521,3.1413,0.00011452,0.9888,0.015718,3.1424,-0.00010631
0.99868,-0.0049471,3.1412,0.00013674,0.99181,0.011182,3.1421,-7.0672e-05,1.0017,-0.01228,3.1408,0.00023207,0.99237,0.009802,3.1421,-5.2504e-05,0.99715,-0.0014052,3.1414,9.021e-05,1.0008,-0.0099917,3.1409,0.00020256,1.004,-0.018266,3.1404,0.00031557,1.005,-0.021116,3.1402,0.0003571,0.99795,-0.0032478,3.1413,0.00011508,0.99033,0.014905,3.1424,-0.00012121
0.9982,-0.0045528,3.1412,0.00013831,0.9929,0.010611,3.1421,-8.1412e-05,1.0006,-0.011445,3.1408,0.00023916,0.99333,0.0093138,3.1421,-6.2169e-05,0.99702,-0.0012226,3.1414,8.9316e-05,0.99984,-0.0092955,3.1409,0.00020782,1.0023,-0.017065,3.1404,0.00032688,1.003,-0.019738,3.1403,0.00037042,0.99764,-0.0029556,3.1413,0.00011527,0.99178,0.014107,3.1424,-0.00013468
0.99777,-0.0041733,3.1412,0.00013942,0.99393,0.01005,3.1421,-9.1173e-05,0.99945,-0.010636,3.1408,0.00024514,0.99424,0.0088335,3.1421,-7.098e-05,0.99691,-0.001049,3.1414,8.8366e-05,0.99894,-0.0086219,3.1409,0.00021213,1.0006,-0.0159,3.1405,0.00033646,1.0011,-0.0184,3.1403,0.00038176,0.99736,-0.0026755,3.1413,0.00011512,0.99316,0.013326,3.1423,-0.00014678
0.99737,-0.0038085,3.1412,0.00014007,0.99491,0.0094994,3.1421,-9.9993e-05,0.99843,-0.0098536,3.1408,0.00025007,0.9951,0.008362,3.142,-7.8975e-05,0.99681,-0.00088481,3.1414,8.7131e-05,0.99812,-0.007971,3.141,0.00021553,0.99907,-0.014772,3.1405,0.00034441,0.99928,-0.017105,3.1403,0.00039121,0.9971,-0.0024075,3.1413,0.00011468,0.99445,0.012562,3.1423,-0.00015761
0.997,-0.0034586,3.1413,0.00014026,0.99584,0.0089608,3.1421,-0.00010791,0.99747,-0.0090981,3.1409,0.00025397,0.99591,0.0079,3.142,-8.619e-05,0.99673,-0.00072977,3.1414,8.5666e-05,0.99735,-0.0073432,3.141,0.00021807,0.99765,-0.013682,3.1405,0.00035082,0.99763,-0.015852,3.1404,0.00039888,0.99688,-0.0021514,3.1413,0.00011395,0.99567,0.011816,3.1423,-0.00016724
0.99667,-0.0031237,3.1413,0.00014,0.99671,0.0084344,3.1421,-0.00011496,0.9966,-0.00837,3.1409,0.00025689,0.99668,0.0074478,3.142,-9.2665e-05,0.99666,-0.00058363,3.1414,8.4014e-05,0.99665,-0.0067384,3.141,0.00021982,0.99633,-0.012629,3.1406,0.00035578,0.99611,-0.014643,3.1404,0.00040487,0.99667,-0.0019071,3.1414,0.00011297,0.99681,0.011088,3.1423,-0.0001757
0.99638,-0.0028037,3.1413,0.00013927,0.99752,0.0079209,3.1421,-0.00012117,0.99579,-0.0076694,3.1409,0.00025884,0.99741,0.0070061,3.142,-9.8436e-05,0.99661,-0.00044615,3.1415,8.2208e-05,0.996,-0.006157,3.141,0.00022081,0.99512,-0.011615,3.1406,0.00035937,0.9947,-0.013477,3.1405,0.00040926,0.99649,-0.0016746,3.1414,0.00011174,0.99788,0.010381,3.1423,-0.00018306
0.99611,-0.0024986,3.1413,0.00013815,0.99829,0.0074216,3.1421,-0.00012656,0.99506,-0.0069965,3.1409,0.00025986,0.99808,0.0065756,3.142,-0.0001035,0.99658,-0.00031712,3.1415,8.0273e-05,0.99541,-0.0055988,3.141,0.00022111,0.99401,-0.010639,3.1406,0.00036167,0.99341,-0.012356,3.1405,0.00041216,0.99634,-0.0014537,3.1414,0.00011028,0.99889,0.0096939,3.1423,-0.00018938
0.99588,-0.002208,3.1413,0.00013677,0.99901,0.0069368,3.1421,-0.00013119,0.99439,-0.0063515,3.141,0.00025993,0.99872,0.006157,3.142,-0.00010787,0.99655,-0.00019634,3.1415,7.822e-05,0.99488,-0.0050641,3.1411,0.00022075,0.99299,-0.009702,3.1407,0.00036278,0.99223,-0.011279,3.1405,0.00041368,0.9962,-0.0012442,3.1414,0.00010859,0.99982,0.0090275,3.1422,-0.0001947
0.99567,-0.0019315,3.1413,0.00013511,0.99967,0.0064666,3.142,-0.00013511,0.99378,-0.0057342,3.141,0.00025919,0.99931,0.0057505,3.142,-0.00011161,0.99654,-8.366e-05,3.1415,7.605e-05,0.99439,-0.0045526,3.1411,0.00021978,0.99207,-0.0088043,3.1407,0.00036276,0.99116,-0.010247,3.1406,0.00041391,0.99609,-0.0010462,3.1414,0.00010668,1.0007,0.0083822,3.1422,-0.00019909
0.99549,-0.001669,3.1413,0.00013318,1.0003,0.0060111,3.142,-0.00013837,0.99324,-0.0051443,3.141,0.00025788,0.99987,0.0053563,3.142,-0.00011477,0.99653,2.1201e-05,3.1415,7.3795e-05,0.99396,-0.0040645,3.1411,0.00021824,0.99123,-0.0079451,3.1407,0.0003617,0.99019,-0.0092579,3.1406,0.00041294,0.99599,-0.00085933,3.1414,0.00010457,1.0015,0.0077585,3.1422,-0.00020259
0.99534,-0.0014203,3.1413,0.000131,1.0009,0.0055705,3.142,-0.00014102,0.99276,-0.0045814,3.141,0.000256,1.0004,0.0049746,3.142,-0.00011739,0.99654,0.00011857,3.1415,7.1486e-05,0.99358,-0.0035995,3.1411,0.00021617,0.99048,-0.0071242,3.1408,0.00035968,0.98931,-0.0083127,3.1407,0.00041085,0.99591,-0.00068325,3.1414,0.00010233,1.0022,0.0071566,3.1422,-0.00020526
0.99521,-0.0011852,3.1414,0.00012858,1.0014,0.0051448,3.142,-0.0001431,0.99233,-0.0040452,3.1411,0.00025353,1.0009,0.0046055,3.142,-0.00011951,0.99656,0.00020871,3.1415,6.9133e-05,0.99324,-0.0031573,3.1412,0.00021362,0.98981,-0.0063408,3.1408,0.00035678,0.98853,-0.0074102,3.1407,0.00040775,0.99585,-0.00051766,3.1414,9.9966e-05,1.0029,0.0065768,3.1422,-0.00020715
0.9951,-0.00096322,3.1414,0.00012593,1.0019,0.0047341,3.142,-0.00014465,0.99195,-0.0035354,3.1411,0.00025048,1.0013,0.0042491,3.1419,-0.00012116,0.99658,0.00029188,3.1415,6.6743e-05,0.99295,-0.0027375,3.1412,0.00021064,0.98922,-0.0055945,3.1409,0.00035307,0.98783,-0.00655,3.1407,0.0004037,0.99581,-0.00036227,3.1414,9.7493e-05,1.0036,0.0060192,3.1421,-0.00020832
0.99501,-0.00075421,3.1414,0.00012308,1.0024,0.0043386,3.142,-0.0001457,0.99162,-0.0030513,3.1411,0.00024688,1.0017,0.0039056,3.1419,-0.00012237,0.99661,0.00036834,3.1415,6.4328e-05,0.99269,-0.0023396,3.1412,0.00020728,0.9887,-0.0048847,3.1409,0.00034862,0.98722,-0.0057315,3.1408,0.00039879,0.99578,-0.00021682,3.1414,9.4913e-05,1.0041,0.005484,3.1421,-0.00020882
0.99495,-0.00055782,3.1414,0.00012006,1.0028,0.0039583,3.142,-0.00014629,0.99134,-0.0025927,3.1411,0.00024274,1.0021,0.0035751,3.1419,-0.00012317,0.99665,0.00043836,3.1415,6.1898e-05,0.99248,-0.0019632,3.1412,0.00020356,0.98824,-0.0042108,3.1409,0.0003435,0.98668,-0.0049541,3.1408,0.00039309,0.99577,-8.1018e-05,3.1415,9.2234e-05,1.0047,0.0049711,3.1421,-0.00020869
0.9949,-0.0003737,3.1414,0.00011691,1.0031,0.0035933,3.1419,-0.00014643,0.9911,-0.002159,3.1412,0.0002381,1.0024,0.0032576,3.1419,-0.00012358,0.9967,0.00050217,3.1415,5.9464e-05,0.9923,-0.0016077,3.1412,0.00019952,0.98785,-0.0035721,3.141,0.00033777,0.98622,-0.004217,3.1409,0.00038668,0.99577,4.5435e-05,3.1415,8.9467e-05,1.0051,0.0044806,3.1421,-0.00020796
0.99487,-0.0002015,3.1414,0.00011367,1.0035,0.0032436,3.1419,-0.00014615,0.9909,-0.0017498,3.1412,0.00023303,1.0027,0.0029532,3.1419,-0.00012361,0.99675,0.00056003,3.1415,5.7038e-05,0.99216,-0.0012727,3.1413,0.0001952,0.98752,-0.0029679,3.141,0.00033149,0.98584,-0.0035197,3.1409,0.00037963,0.99578,0.00016283,3.1415,8.6625e-05,1.0056,0.0040121,3.1421,-0.00020666
0.99486,-4.0825e-05,3.1414,0.00011039,1.0038,0.0029093,3.1419,-0.00014546,0.99075,-0.0013644,3.1412,0.00022757,1.003,0.0026619,3.1419,-0.00012326,0.99681,0.00061218,3.1415,5.4635e-05,0.99205,-0.00095762,3.1413,0.00019063,0.98725,-0.0023978,3.141,0.00032472,0.98551,-0.0028614,3.1409,0.000372,0.9958,0.00027148,3.1415,8.3725e-05,1.0059,0.0035653,3.142,-0.00020486
0.99486,0.00010867,3.1414,0.00010708,1.0041,0.0025903,3.1419,-0.00014438,0.99063,-0.0010023,3.1412,0.00022182,1.0033,0.0023837,3.1419,-0.00012254,0.99688,0.00065889,3.1415,5.2255e-05,0.99197,-0.00066203,3.1413,0.00018584,0.98704,-0.0018608,3.1411,0.00031751,0.98526,-0.0022413,3.141,0.00036386,0.99583,0.00037168,3.1415,8.0784e-05,1.0063,0.0031399,3.142,-0.0002026
0.99488,0.00024724,3.1415,0.00010368,1.0043,0.0022868,3.1419,-0.00014291,0.99054,-0.00066291,3.1413,0.00021585,1.0035,0.0021187,3.1419,-0.00012147,0.99695,0.00070042,3.1415,4.9898e-05,0.99191,-0.00038538,3.1413,0.00018087,0.98688,-0.0013564,3.1411,0.00030991,0.98506,-0.0016586,3.141,0.00035526,0.99587,0.00046376,3.1415,7.7823e-05,1.0066,0.0027355,3.142,-0.00019994
0.99491,0.00037529,3.1415,0.00010022,1.0045,0.0019986,3.1419,-0.00014106,0.99049,-0.00034558,3.1413,0.00020976,1.0037,0.0018664,3.1418,-0.00012014,0.99702,0.00073702,3.1416,4.7563e-05,0.99189,-0.0001271,3.1413,0.00017574,0.98676,-0.00088375,3.1411,0.00030196,0.98492,-0.0011125,3.141,0.00034628,0.99592,0.00054803,3.1415,7.4865e-05,1.0068,0.0023517,3.142,-0.0001969
0.99496,0.00049324,3.1415,9.6713e-05,1.0047,0.0017256,3.1419,-0.00013888,0.99047,-4.9663e-05,3.1413,0.00020367,1.0039,0.0016266,3.1418,-0.00011861,0.99709,0.00076894,3.1416,4.5253e-05,0.99189,0.00011334,3.1414,0.00017049,0.98669,-0.00044214,3.1411,0.00029372,0.98483,-0.00060219,3.1411,0.00033695,0.99598,0.00062482,3.1415,7.1936e-05,1.007,0.0019881,3.142,-0.00019354
0.99501,0.00060148,3.1415,9.3181e-05,1.0049,0.0014666,3.1418,-0.00013652,0.99048,0.00022542,3.1413,0.00019755,1.004,0.0013991,3.1418,-0.00011686,0.99717,0.00079643,3.1416,4.2969e-05,0.99191,0.00033654,3.1414,0.00016513,0.98667,-3.0789e-05,3.1412,0.00028522,0.9848,-0.00012667,3.1411,0.0003273,0.99605,0.00069439,3.1415,6.9028e-05,1.0072,0.0016444,3.1419,-0.00018988
0.99508,0.00070042,3.1415,8.9642e-05,1.005,0.0012215,3.1418,-0.000134,0.99052,0.0004802,3.1413,0.00019119,1.0042,0.0011836,3.1418,-0.00011491,0.99725,0.00081972,3.1416,4.0716e-05,0.99195,0.00054306,3.1414,0.0001597,0.98669,0.00035121,3.1412,0.0002765,0.98481,0.00031527,3.1411,0.00031738,0.99612,0.00075699,3.1415,6.6106e-05,1.0074,0.0013202,3.1419,-0.00018597
0.99515,0.00079042,3.1415,8.6106e-05,1.0051,0.00099016,3.1418,-0.00013129,0.99058,0.0007155,3.1414,0.00018467,1.0043,0.00097997,3.1418,-0.00011275,0.99733,0.00083905,3.1416,3.8498e-05,0.99202,0.00073353,3.1414,0.00015422,0.98674,0.000705,3.1412,0.00026759,0.98486,0.00072496,3.1412,0.00030724,0.9962,0.00081296,3.1415,6.3191e-05,1.0075,0.0010149,3.1419,-0.00018181
0.99523,0.00087185,3.1415,8.2583e-05,1.0052,0.00077239,3.1418,-0.00012839,0.99066,0.00093217,3.1414,0.00017809,1.0043,0.00078797,3.1418,-0.00011039,0.99742,0.00085463,3.1416,3.632e-05,0.9921,0.00090854,3.1414,0.00014871,0.98683,0.0010317,3.1413,0.00025855,0.98495,0.0011037,3.1412,0.00029693,0.99628,0.00086267,3.1415,6.0299e-05,1.0076,0.00072821,3.1419,-0.00017745
0.99532,0.00094507,3.1415,7.9075e-05,1.0053,0.00056796,3.1418,-0.0001253,0.99077,0.001131,3.1414,0.00017149,1.0044,0.00060731,3.1418,-0.00010785,0.99751,0.00086668,3.1416,3.419e-05,0.9922,0.0010684,3.1414,0.00014316,0.98695,0.0013324,3.1413,0.00024941,0.98508,0.0014527,3.1412,0.00028652,0.99637,0.00090644,3.1415,5.7446e-05,1.0076,0.00045962,3.1419,-0.00017291
0.99542,0.0010104,3.1415,7.5583e-05,1.0053,0.00037656,3.1418,-0.00012203,0.99089,0.0013127,3.1414,0.00016494,1.0045,0.00043772,3.1418,-0.00010514,0.99759,0.00087541,3.1416,3.2115e-05,0.99231,0.0012137,3.1414,0.00013757,0.98709,0.0016083,3.1413,0.0002402,0.98524,0.0017731,3.1413,0.00027604,0.99646,0.00094459,3.1416,5.4641e-05,1.0077,0.00020867,3.1418,-0.00016819
0.99553,0.0010682,3.1415,7.2103e-05,1.0054,0.00019787,3.1418,-0.00011861,0.99103,0.001478,3.1414,0.00015846,1.0045,0.00027889,3.1418,-0.0001023,0.99768,0.00088102,3.1416,3.0105e-05,0.99244,0.0013452,3.1415,0.00013197,0.98727,0.0018602,3.1413,0.00023096,0.98544,0.0020662,3.1413,0.00026552,0.99656,0.00097742,3.1416,5.1893e-05,1.0077,-2.5124e-05,3.1418,-0.00016333
0.99564,0.0011188,3.1415,6.8644e-05,1.0054,3.1487e-05,3.1418,-0.00011505,0.99118,0.0016277,3.1414,0.00015207,1.0045,0.0001305,3.1417,-9.9357e-05,0.99777,0.0008837,3.1416,2.8167e-05,0.99258,0.0014635,3.1415,0.00012638,0.98747,0.0020892,3.1414,0.00022172,0.98566,0.002333,3.1413,0.00025501,0.99666,0.0010052,3.1416,4.9205e-05,1.0077,-0.00024225,3.1418,-0.00015831
0.99575,0.0011626,3.1415,6.5238e-05,1.0054,-0.00012303,3.1417,-0.00011138,0.99135,0.0017622,3.1415,0.00014576,1.0045,-7.7838e-06,3.1417,-9.6337e-05,0.99786,0.00088364,3.1416,2.6279e-05,0.99273,0.0015695,3.1415,0.00012083,0.98769,0.0022964,3.1414,0.0002125,0.9859,0.0025746,3.1413,0.00024453,0.99676,0.0010282,3.1416,4.6578e-05,1.0076,-0.0004431,3.1418,-0.0001532
0.99587,0.0012,3.1416,6.189e-05,1.0053,-0.00026617,3.1417,-0.00010766,0.99153,0.0018824,3.1415,0.00013952,1.0045,-0.00013633,3.1417,-9.3286e-05,0.99795,0.00088103,3.1416,2.4437e-05,0.99289,0.0016636,3.1415,0.00011532,0.98792,0.0024825,3.1414,0.00020332,0.98617,0.002792,3.1414,0.0002341,0.99686,0.0010467,3.1416,4.4008e-05,1.0076,-0.00062831,3.1418,-0.00014802
0.99599,0.0012314,3.1416,5.8601e-05,1.0053,-0.00039848,3.1417,-0.00010393,0.99173,0.0019887,3.1415,0.0001333,1.0045,-0.00025553,3.1417,-9.0249e-05,0.99803,0.00087609,3.1416,2.2651e-05,0.99306,0.0017466,3.1415,0.00010988,0.98818,0.0026485,3.1414,0.00019422,0.98646,0.0029861,3.1414,0.00022373,0.99697,0.0010609,3.1416,4.1491e-05,1.0075,-0.00079858,3.1418,-0.00014279
0.99611,0.001257,3.1416,5.5376e-05,1.0053,-0.00052055,3.1417,-0.00010024,0.99193,0.0020817,3.1415,0.00012707,1.0045,-0.00036572,3.1417,-8.7255e-05,0.99812,0.00086899,3.1416,2.0926e-05,0.99324,0.0018189,3.1415,0.00010451,0.98845,0.0027953,3.1414,0.0001852,0.98676,0.0031579,3.1414,0.00021344,0.99708,0.0010711,3.1416,3.9015e-05,1.0074,-0.00095455,3.1418,-0.00013751
0.99624,0.0012772,3.1416,5.2216e-05,1.0052,-0.00063304,3.1417,-9.6664e-05,0.99214,0.002162,3.1415,0.00012074,1.0044,-0.00046695,3.1417,-8.4192e-05,0.99821,0.00085993,3.1416,1.927e-05,0.99343,0.0018811,3.1415,9.922e-05,0.98874,0.0029237,3.1415,0.00017627,0.98709,0.0033083,3.1414,0.00020322,0.99718,0.0010773,3.1416,3.6569e-05,1.0073,-0.0010969,3.1417,-0.0001322
0.99637,0.0012924,3.1416,4.9128e-05,1.0051,-0.00073639,3.1417,-9.3208e-05,0.99236,0.0022303,3.1415,0.00011449,1.0044,-0.00055957,3.1417,-8.1064e-05,0.99829,0.00084908,3.1416,1.7684e-05,0.99362,0.0019336,3.1415,9.4015e-05,0.98904,0.0030343,3.1415,0.00016746,0.98742,0.0034381,3.1415,0.00019309,0.99729,0.00108,3.1416,3.4184e-05,1.0072,-0.0012262,3.1417,-0.00012688
0.9965,0.0013028,3.1416,4.6115e-05,1.0051,-0.00083013,3.1417,-8.9667e-05,0.99259,0.0022874,3.1415,0.00010839,1.0043,-0.00064403,3.1417,-7.7912e-05,0.99838,0.0008366,3.1416,1.617e-05,0.99381,0.0019769,3.1415,8.8892e-05,0.98934,0.0031283,3.1415,0.00015878,0.98777,0.0035489,3.1415,0.00018314,0.9974,0.0010794,3.1416,3.1881e-05,1.0071,-0.001343,3.1417,-0.00012155
0.99663,0.0013088,3.1416,4.3183e-05,1.005,-0.00091472,3.1417,-8.606e-05,0.99282,0.0023339,3.1415,0.00010243,1.0043,-0.00072073,3.1417,-7.4765e-05,0.99846,0.00082266,3.1416,1.4729e-05,0.99401,0.0020113,3.1416,8.3847e-05,0.98966,0.0032067,3.1415,0.00015026,0.98813,0.0036418,3.1415,0.00017339,0.99751,0.0010758,3.1416,2.9654e-05,1.0069,-0.0014479,3.1417,-0.00011624
0.99676,0.0013107,3.1416,4.0337e-05,1.0049,-0.00099071,3.1417,-8.2428e-05,0.99305,0.0023705,3.1415,9.658e-05,1.0042,-0.00079005,3.1417,-7.1647e-05,0.99854,0.00080738,3.1416,1.3359e-05,0.99421,0.0020371,3.1416,7.8873e-05,0.98998,0.0032704,3.1415,0.00014193,0.9885,0.0037177,3.1415,0.00016384,0.99761,0.0010694,3.1416,2.7498e-05,1.0068,-0.0015414,3.1417,-0.00011095
0.99689,0.0013086,3.1416,3.7584e-05,1.0048,-0.0010586,3.1417,-7.8807e-05,0.99329,0.0023977,3.1416,9.0847e-05,1.0041,-0.00085235,3.1417,-6.8574e-05,0.99862,0.0007909,3.1416,1.2056e-05,0.99442,0.0020551,3.1416,7.4021e-05,0.99031,0.0033203,3.1415,0.00013379,0.98888,0.0037778,3.1415,0.0001545,0.99772,0.0010604,3.1416,2.5413e-05,1.0066,-0.001624,3.1417,-0.00010571
0.99702,0.001303,3.1416,3.4922e-05,1.0047,-0.0011187,3.1417,-7.5219e-05,0.99353,0.0024162,3.1416,8.5228e-05,1.004,-0.00090796,3.1417,-6.5553e-05,0.9987,0.00077335,3.1416,1.0815e-05,0.99463,0.0020661,3.1416,6.9322e-05,0.99065,0.0033573,3.1415,0.00012584,0.98926,0.0038228,3.1415,0.00014537,0.99783,0.001049,3.1416,2.3396e-05,1.0065,-0.0016961,3.1417,-0.00010053
0.99715,0.001294,3.1416,3.2348e-05,1.0046,-0.0011716,3.1416,-7.1678e-05,0.99378,0.0024265,3.1416,7.9732e-05,1.0039,-0.00095716,3.1416,-6.2585e-05,0.99878,0.00075484,3.1416,9.6287e-06,0.99483,0.0020704,3.1416,6.4774e-05,0.99099,0.0033821,3.1416,0.00011809,0.98964,0.0038537,3.1416,0.00013647,0.99793,0.0010354,3.1416,2.1449e-05,1.0063,-0.0017582,3.1417,-9.5418e-05
0.99728,0.001282,3.1416,2.9864e-05,1.0044,-0.0012175,3.1416,-6.8187e-05,0.99402,0.0024291,3.1416,7.4374e-05,1.0038,-0.0010002,3.1416,-5.9661e-05,0.99885,0.00073546,3.1416,8.489e-06,0.99504,0.0020685,3.1416,6.0374e-05,0.99132,0.0033955,3.1416,0.00011056,0.99003,0.0038715,3.1416,0.00012781,0.99803,0.0010198,3.1416,1.9575e-05,1.0061,-0.0018106,3.1417,-9.04e-05
0.99741,0.0012672,3.1416,2.747e-05,1.0043,-0.0012567,3.1416,-6.4741e-05,0.99426,0.0024246,3.1416,6.9177e-05,1.0037,-0.0010374,3.1416,-5.6768e-05,0.99892,0.00071532,3.1416,7.3853e-06,0.99525,0.0020608,3.1416,5.6121e-05,0.99166,0.0033982,3.1416,0.00010324,0.99041,0.003877,3.1416,0.00011939,0.99813,0.0010024,3.1416,1.7776e-05,1.0059,-0.0018539,3.1416,-8.549e-05
0.99753,0.0012498,3.1416,2.5167e-05,1.0042,-0.0012895,3.1416,-6.1324e-05,0.9945,0.0024135,3.1416,6.4171e-05,1.0036,-0.0010689,3.1416,-5.3881e-05,0.99899,0.00069452,3.1416,6.3185e-06,0.99545,0.0020479,3.1416,5.2015e-05,0.992,0.0033911,3.1416,9.6149e-05,0.9908,0.003871,3.1416,0.00011124,0.99823,0.00098334,3.1416,1.6059e-05,1.0057,-0.001889,3.1416,-8.0699e-05
0.99766,0.0012301,3.1416,2.2954e-05,1.0041,-0.001316,3.1416,-5.791e-05,0.99474,0.0023964,3.1416,5.9391e-05,1.0035,-0.001095,3.1416,-5.0971e-05,0.99906,0.0006732,3.1416,5.3101e-06,0.99566,0.00203,3.1416,4.8057e-05,0.99234,0.0033749,3.1416,8.9289e-05,0.99119,0.0038545,3.1416,0.00010337,0.99833,0.00096287,3.1416,1.4431e-05,1.0055,-0.0019162,3.1416,-7.6028e-05
